YEAR,MONTH,DAY,DAY_OF_WEEK,AIRLINE,FLIGHT_NUMBER,TAIL_NUMBER,ORIGIN_AIRPORT,DESTINATION_AIRPORT,SCHEDULED_DEPARTURE,DEPARTURE_TIME,TAXI_OUT,ELAPSED_TIME,AIR_TIME,WHEELS_ON,SCHEDULED_ARRIVAL,DIVERTED,CANCELLED,CANCELLATION_REASON,AIR_SYSTEM_DELAY,SECURITY_DELAY,AIRLINE_DELAY,LATE_AIRCRAFT_DELAY,WEATHER_DELAY
2015,1,1,4,AS,98,N407AS,ANC,SEA,0005,2354,21,194,169,0404,0430,0,0,,,,,,
2015,1,1,4,AA,2336,N3KUAA,LAX,PBI,0010,0002,12,279,263,0737,0750,0,0,,,,,,
2015,1,1,4,US,840,N171US,SFO,CLT,0020,0018,16,293,266,0800,0806,0,0,,,,,,
2015,1,1,4,AA,258,N3HYAA,LAX,MIA,0020,0015,15,281,258,0748,0805,0,0,,,,,,
2015,1,1,4,AS,135,N527AS,SEA,ANC,0025,0024,11,215,199,0254,0320,0,0,,,,,,
2015,1,1,4,DL,806,N3730B,SFO,MSP,0025,0020,18,230,206,0604,0602,0,0,,,,,,
2015,1,1,4,NK,612,N635NK,LAS,MSP,0025,0019,11,170,154,0504,0526,0,0,,,,,,
2015,1,1,4,US,2013,N584UW,LAX,CLT,0030,0044,13,249,228,0745,0803,0,0,,,,,,
2015,1,1,4,AA,1112,N3LAAA,SFO,DFW,0030,0019,17,193,173,0529,0545,0,0,,,,,,
2015,1,1,4,DL,1173,N826DN,LAS,ATL,0030,0033,12,203,186,0651,0711,0,0,,,,,,
2015,1,1,4,DL,2336,N958DN,DEN,ATL,0030,0024,12,149,133,0449,0523,0,0,,,,,,
2015,1,1,4,AA,1674,N853AA,LAS,MIA,0035,0027,21,266,238,0746,0803,0,0,,,,,,
2015,1,1,4,DL,1434,N547US,LAX,MSP,0035,0035,18,210,188,0601,0609,0,0,,,,,,
2015,1,1,4,DL,2324,N3751B,SLC,ATL,0040,0034,18,199,176,0548,0615,0,0,,,,,,
2015,1,1,4,DL,2440,N651DL,SEA,MSP,0040,0039,28,198,166,0553,0549,0,0,,,,,,
2015,1,1,4,AS,108,N309AS,ANC,SEA,0045,0041,17,194,173,0451,0509,0,0,,,,,,
2015,1,1,4,DL,1560,N3743H,ANC,SEA,0045,0031,25,200,171,0447,0515,0,0,,,,,,
2015,1,1,4,UA,1197,N78448,SFO,IAH,0048,0042,11,217,199,0612,0626,0,0,,,,,,
2015,1,1,4,AS,122,N413AS,ANC,PDX,0050,0046,11,201,187,0504,0525,0,0,,,,,,
2015,1,1,4,DL,1670,N806DN,PDX,MSP,0050,0045,9,186,171,0545,0603,0,0,,,,,,
2015,1,1,4,NK,520,N525NK,LAS,MCI,0055,0120,11,143,128,0539,0537,0,0,,,,,,
2015,1,1,4,AA,371,N3GXAA,SEA,MIA,0100,0052,30,347,311,0933,0938,0,0,,,,,,
2015,1,1,4,NK,214,N632NK,LAS,DFW,0103,0102,13,147,128,0523,0530,0,0,,,,,,
2015,1,1,4,AA,115,N3CTAA,LAX,MIA,0105,0103,14,276,255,0832,0851,0,0,,,,,,
2015,1,1,4,DL,1450,N671DN,LAS,MSP,0105,0102,11,163,150,0543,0608,0,0,,,,,,
2015,1,1,4,UA,1545,N76517,LAX,IAH,0115,0112,11,175,156,0559,0618,0,0,,,,,,
2015,1,1,4,AS,130,N457AS,FAI,SEA,0115,0107,25,218,186,0538,0548,0,0,,,,,,
2015,1,1,4,NK,597,N528NK,MSP,FLL,0115,0127,14,220,166,0527,0542,0,0,,25,0,0,0,0
2015,1,1,4,US,413,N571UW,LAS,CLT,0120,0110,12,224,205,0747,0825,0,0,,,,,,
2015,1,1,4,AA,2392,N3HRAA,DEN,MIA,0120,0141,12,208,188,0701,0707,0,0,,,,,,
2015,1,1,4,NK,168,N629NK,PHX,ORD,0125,0237,9,175,156,0622,0549,0,0,,43,0,0,0,0
2015,1,1,4,AA,2211,N3CGAA,PHX,MIA,0127,0116,10,234,217,0703,0726,0,0,,,,,,
2015,1,1,4,AS,136,N431AS,ANC,SEA,0135,,,,,,0600,0,1,A,,,,,
2015,1,1,4,DL,95,N320US,SLC,ATL,0140,0134,43,231,182,0719,0715,0,0,,,,,,
2015,1,1,4,NK,298,N514NK,LAS,IAH,0144,0140,10,170,148,0618,0634,0,0,,,,,,
2015,1,1,4,HA,17,N389HA,LAS,HNL,0145,0145,16,385,361,0602,0555,0,0,,0,0,15,0,0
2015,1,1,4,US,617,N804AW,ANC,PHX,0152,0143,21,322,298,0902,0915,0,0,,,,,,
2015,1,1,4,UA,1528,N76519,SJU,EWR,0154,0157,12,241,220,0449,0509,0,0,,,,,,
2015,1,1,4,AS,134,N464AS,ANC,SEA,0155,0140,17,198,170,0547,0633,0,0,,,,,,
2015,1,1,4,B6,304,N607JB,SJU,JFK,0155,0153,12,248,231,0456,0450,0,0,,,,,,
2015,1,1,4,NK,451,N633NK,PBG,FLL,0155,0139,10,191,174,0443,0523,0,0,,,,,,
2015,1,1,4,NK,972,N606NK,PHX,DFW,0159,0158,11,125,103,0452,0502,0,0,,,,,,
2015,1,1,4,AA,2459,N3BDAA,PHX,DFW,0200,,,,,,0500,0,1,B,,,,,
2015,1,1,4,AS,144,N514AS,ANC,PDX,0200,0150,24,209,182,0616,0630,0,0,,,,,,
2015,1,1,4,NK,647,N630NK,IAG,FLL,0200,0155,21,178,149,0445,0504,0,0,,,,,,
2015,1,1,4,B6,1990,N597JB,SJU,EWR,0206,0152,19,264,239,0510,0512,0,0,,,,,,
2015,1,1,4,US,699,N172US,PHX,CLT,0220,0209,10,199,183,0722,0804,0,0,,,,,,
2015,1,1,4,AS,114,N303AS,ANC,SEA,0220,0209,15,199,176,0620,0640,0,0,,,,,,
2015,1,1,4,B6,668,N653JB,PSE,MCO,0255,0248,10,183,169,0447,0500,0,0,,,,,,
2015,1,1,4,UA,1162,N37293,BQN,EWR,0259,0258,14,247,225,0557,0559,0,0,,,,,,
2015,1,1,4,B6,1030,N239JB,BQN,MCO,0307,0304,25,196,160,0509,0500,0,0,,20,0,0,0,0
2015,1,1,4,B6,262,N627JB,SJU,BOS,0330,0316,14,243,224,0614,0635,0,0,,,,,,
2015,1,1,4,B6,2134,N307JB,SJU,MCO,0400,0535,9,175,163,0727,0605,0,0,,0,0,85,0,0
2015,1,1,4,B6,730,N621JB,BQN,MCO,0419,0423,11,163,148,0602,0613,0,0,,,,,,
2015,1,1,4,B6,768,N317JB,PSE,MCO,0424,0413,24,196,166,0623,0630,0,0,,,,,,
2015,1,1,4,B6,2276,N646JB,SJU,BDL,0438,0550,15,258,237,0902,0739,0,0,,17,0,72,0,0
2015,1,1,4,US,602,N197UW,ORD,PHX,0500,0459,12,232,214,0745,0748,0,0,,,,,,
2015,1,1,4,AS,695,N607AS,GEG,SEA,0500,0456,22,74,39,0557,0610,0,0,,,,,,
2015,1,1,4,HA,102,N492HA,HNL,ITO,0500,0452,10,51,35,0537,0549,0,0,,,,,,
2015,1,1,4,OO,5467,N701BR,ONT,SFO,0500,0513,19,85,61,0633,0629,0,0,,,,,,
2015,1,1,4,HA,108,N476HA,HNL,KOA,0502,0501,12,48,30,0543,0544,0,0,,,,,,
2015,1,1,4,AS,730,N423AS,ANC,SEA,0505,0457,16,199,179,0912,0930,0,0,,,,,,
2015,1,1,4,HA,206,N484HA,HNL,OGG,0505,0454,10,36,20,0524,0541,0,0,,,,,,
2015,1,1,4,UA,1500,N30401,ORD,IAH,0510,0514,23,182,147,0804,0805,0,0,,,,,,
2015,1,1,4,AA,1323,N3CXAA,MCO,MIA,0510,0507,14,55,38,0559,0613,0,0,,,,,,
2015,1,1,4,NK,103,N616NK,BOS,MYR,0510,0506,16,134,112,0714,0730,0,0,,,,,,
2015,1,1,4,OO,7404,N8982A,HIB,MSP,0510,0500,37,78,35,0612,0618,0,0,,,,,,
2015,1,1,4,OO,7419,N445SW,ABR,MSP,0510,0508,21,67,41,0610,0619,0,0,,,,,,
2015,1,1,4,OO,5254,N746SK,MAF,IAH,0510,,,,,,0637,0,1,B,,,,,
2015,1,1,4,US,480,N676AW,SEA,PHX,0515,0510,15,168,146,0851,0900,0,0,,,,,,
2015,1,1,4,AA,1057,N3ASAA,DFW,MIA,0515,0703,15,155,133,1031,0856,0,0,,0,0,0,0,102
2015,1,1,4,AA,2454,N3ETAA,BOS,MIA,0515,0510,14,215,182,0826,0843,0,0,,,,,,
2015,1,1,4,EV,4354,N12142,MKE,IAH,0515,0517,12,189,163,0812,0813,0,0,,,,,,
2015,1,1,4,US,425,N174US,PDX,PHX,0520,0620,13,150,132,0945,0850,0,0,,0,0,60,0,0
2015,1,1,4,AA,89,N3KVAA,IAH,MIA,0520,0618,19,137,111,0928,0841,0,0,,0,0,54,0,0
2015,1,1,4,DL,2099,N355NW,BNA,DTW,0520,0511,30,106,66,0747,0803,0,0,,,,,,
2015,1,1,4,EV,4685,N26545,BRO,IAH,0520,0517,15,72,49,0621,0634,0,0,,,,,,
2015,1,1,4,EV,5583,N882AS,VPS,ATL,0520,0514,9,57,42,0705,0726,0,0,,,,,,
2015,1,1,4,OO,5484,N824AS,BOI,SFO,0520,0525,24,110,79,0608,0612,0,0,,,,,,
2015,1,1,4,OO,7370,N432SW,BJI,MSP,0520,0517,31,72,34,0622,0620,0,0,,,,,,
2015,1,1,4,HA,103,N477HA,HNL,LIH,0523,0513,7,35,21,0541,0600,0,0,,,,,,
2015,1,1,4,EV,5187,N720EV,BNA,ATL,0525,0525,32,70,35,0732,0730,0,0,,,,,,
2015,1,1,4,MQ,2859,N660MQ,SGF,DFW,0525,,,,,,0700,0,1,B,,,,,
2015,1,1,4,UA,1201,N79521,PHL,IAH,0530,0532,12,234,210,0814,0820,0,0,,,,,,
2015,1,1,4,UA,1221,N37281,PDX,DEN,0530,0534,9,142,125,0848,0852,0,0,,,,,,
2015,1,1,4,UA,1607,N36476,SEA,DEN,0530,0529,10,157,138,0857,0907,0,0,,,,,,
2015,1,1,4,AA,328,N4XKAA,DEN,DFW,0530,0623,32,138,96,0931,0835,0,0,,13,0,53,0,0
2015,1,1,4,EV,5764,N832AS,SBN,ORD,0530,0527,12,44,22,0501,0525,0,0,,,,,,
2015,1,1,4,F9,1279,N918FR,PHL,MCO,0530,0526,12,146,128,0746,0810,0,0,,,,,,
2015,1,1,4,NK,409,N509NK,ORD,FLL,0530,0526,12,167,149,0907,0938,0,0,,,,,,
2015,1,1,4,OO,5460,N583SW,RDD,SFO,0530,,,,,,0700,0,1,A,,,,,
2015,1,1,4,OO,6391,N593ML,EUG,DEN,0530,0526,26,180,143,0915,0913,0,0,,,,,,
2015,1,1,4,UA,1532,N77066,SFO,DEN,0531,0550,15,153,127,0912,0857,0,0,,7,0,19,0,0
2015,1,1,4,UA,1167,N66837,ORD,DEN,0533,0540,10,163,142,0712,0720,0,0,,,,,,
2015,1,1,4,UA,1012,N17245,IAD,IAH,0535,0541,12,215,194,0807,0802,0,0,,,,,,
2015,1,1,4,B6,2001,N358JB,BUF,JFK,0535,0530,17,78,56,0643,0703,0,0,,,,,,
2015,1,1,4,B6,2807,N190JB,PWM,JFK,0535,0528,13,67,50,0631,0700,0,0,,,,,,
2015,1,1,4,B6,2023,N324JB,JFK,SJU,0535,0618,13,201,184,1035,1020,0,0,,0,0,19,0,0
2015,1,1,4,EV,4557,N12967,CRP,IAH,0535,0523,12,52,33,0608,0636,0,0,,,,,,
2015,1,1,4,EV,5241,N849AS,PIA,DTW,0535,0530,18,75,54,0742,0803,0,0,,,,,,
2015,1,1,4,EV,5498,N132EV,ORD,DTW,0535,0550,18,67,41,0749,0800,0,0,,,,,,
2015,1,1,4,OO,6512,N925SW,FAT,LAX,0535,0530,33,80,42,0645,0650,0,0,,,,,,
2015,1,1,4,UA,1577,N69813,SMF,DEN,0538,0634,26,164,129,1009,0900,0,0,,22,0,56,0,0
2015,1,1,4,OO,4986,N719SK,AUS,LAX,0538,0535,16,199,173,0644,0710,0,0,,,,,,
2015,1,1,4,B6,727,N292JB,BOS,BWI,0540,0536,14,84,66,0656,0721,0,0,,,,,,
2015,1,1,4,B6,1012,N375JB,ORD,BOS,0540,0529,16,114,95,0820,0856,0,0,,,,,,
2015,1,1,4,DL,824,N3736C,PHX,DTW,0540,0808,19,203,178,1325,1123,0,0,,0,0,0,0,128
2015,1,1,4,DL,941,N910DN,MCI,ATL,0540,0546,11,101,84,0821,0842,0,0,,,,,,
2015,1,1,4,DL,2079,N389DA,BOS,DTW,0540,0537,15,125,105,0737,0803,0,0,,,,,,
2015,1,1,4,EV,3268,N14998,ATL,IAD,0540,0556,9,103,79,0724,0725,0,0,,,,,,
2015,1,1,4,EV,4160,N11150,JAX,EWR,0540,0531,9,132,109,0729,0757,0,0,,,,,,
2015,1,1,4,OO,6285,N962SW,MFR,DEN,0540,0538,42,188,138,0938,0921,0,0,,25,0,0,0,0
2015,1,1,4,OO,5184,N776SK,SLC,IAH,0540,0537,18,180,158,0933,0953,0,0,,,,,,
2015,1,1,4,OO,6358,N926SW,IDA,DEN,0541,0539,30,113,72,0721,0725,0,0,,,,,,
2015,1,1,4,F9,161,N905FR,MSN,DEN,0544,0534,7,144,128,0649,0709,0,0,,,,,,
2015,1,1,4,OO,4833,N554CA,MKE,DTW,0545,0543,10,55,36,0729,0759,0,0,,,,,,
2015,1,1,4,UA,1119,N69810,GEG,DEN,0545,0542,21,136,107,0850,0904,0,0,,,,,,
2015,1,1,4,UA,1237,N65832,SEA,IAH,0545,0541,13,266,238,1152,1156,0,0,,,,,,
2015,1,1,4,UA,1540,N78509,DCA,IAH,0545,0550,10,197,182,0802,0814,0,0,,,,,,
2015,1,1,4,AA,1433,N4YNAA,SAT,DFW,0545,0539,12,59,41,0632,0650,0,0,,,,,,
2015,1,1,4,AA,2299,N3LLAA,JFK,MIA,0545,0640,17,199,152,0929,0850,0,0,,14,0,55,0,0
2015,1,1,4,B6,721,N623JB,BOS,PBI,0545,0551,16,190,170,0857,0910,0,0,,,,,,
2015,1,1,4,B6,917,N606JB,BOS,JFK,0545,0543,12,66,44,0639,0702,0,0,,,,,,
2015,1,1,4,B6,939,N794JB,JFK,BQN,0545,0545,17,202,180,1002,1026,0,0,,,,,,
2015,1,1,4,DL,1890,N377DA,DFW,ATL,0545,0603,13,104,86,0842,0849,0,0,,,,,,
2015,1,1,4,EV,4646,N29917,CHS,EWR,0545,0540,26,122,91,0737,0741,0,0,,,,,,
2015,1,1,4,F9,365,N218FR,MKE,DEN,0545,0621,9,142,120,0730,0726,0,0,,0,0,17,0,0
2015,1,1,4,F9,117,N933FR,MSP,DEN,0545,0538,15,128,104,0637,0654,0,0,,,,,,
2015,1,1,4,MQ,2926,N932MQ,CHS,DFW,0545,,,,,,0755,0,1,B,,,,,
2015,1,1,4,OO,2599,N435SW,DEN,LAX,0545,0658,11,133,112,0801,0715,0,0,,0,0,56,0,0
2015,1,1,4,OO,5482,N934SW,SBA,DEN,0545,0542,25,167,134,0921,0919,0,0,,,,,,
2015,1,1,4,OO,6457,N560SW,SMX,LAX,0545,,,,,,0651,0,1,A,,,,,
2015,1,1,4,HA,218,N485HA,HNL,KOA,0548,0540,10,44,27,0617,0630,0,0,,,,,,
2015,1,1,4,B6,515,N337JB,BOS,BUF,0549,0540,17,99,78,0715,0725,0,0,,,,,,
2015,1,1,4,UA,228,N439UA,PDX,EWR,0550,0547,10,282,263,1320,1404,0,0,,,,,,
2015,1,1,4,US,641,N650AW,IND,PHX,0550,0545,12,249,234,0751,0750,0,0,,,,,,
2015,1,1,4,UA,495,N548UA,LAX,DEN,0550,0550,11,136,118,0859,0915,0,0,,,,,,
2015,1,1,4,UA,507,N808UA,CLE,IAH,0550,0629,11,198,170,0830,0804,0,0,,4,0,39,0,0
2015,1,1,4,UA,1553,N37290,BOS,EWR,0550,0552,12,67,46,0650,0718,0,0,,,,,,
2015,1,1,4,US,403,N660AW,DEN,PHX,0550,0550,15,109,91,0736,0749,0,0,,,,,,
2015,1,1,4,US,446,N651AW,MCI,PHX,0550,0544,15,179,159,0738,0748,0,0,,,,,,
2015,1,1,4,AA,1178,N573AA,AUS,DFW,0550,0548,19,61,36,0643,0650,0,0,,,,,,
2015,1,1,4,AA,2410,N3BAAA,LAX,DFW,0550,0600,17,172,150,1047,1050,0,0,,,,,,
2015,1,1,4,DL,2453,N966DL,GSP,ATL,0550,0550,26,59,28,0644,0649,0,0,,,,,,
2015,1,1,4,B6,2228,N231JB,MCO,EWR,0550,0548,12,144,127,0807,0819,0,0,,,,,,
2015,1,1,4,EV,4555,N13133,MCI,IAH,0550,0548,15,138,110,0753,0805,0,0,,,,,,
2015,1,1,4,EV,5698,N835AS,BDL,IAD,0550,0543,9,76,58,0650,0718,0,0,,,,,,
2015,1,1,4,MQ,3534,N925MQ,ABI,DFW,0550,,,,,,0645,0,1,B,,,,,
2015,1,1,4,EV,4339,N14179,RIC,IAH,0550,0548,14,220,195,0817,0815,0,0,,,,,,
2015,1,1,4,OO,6204,N917SW,BFL,DEN,0550,0556,31,164,125,0932,0920,0,0,,14,0,6,0,0
2015,1,1,4,OO,6261,N107SY,SAT,SFO,0550,0557,9,223,198,0724,0759,0,0,,,,,,
2015,1,1,4,OO,5160,N794SK,OMA,IAH,0550,0605,16,146,120,0821,0810,0,0,,6,0,15,0,0
2015,1,1,4,OO,6224,N956SW,RDM,DEN,0550,0549,12,150,130,0911,0913,0,0,,,,,,
2015,1,1,4,B6,860,N656JB,FLL,BDL,0553,0551,10,177,162,0843,0839,0,0,,,,,,
2015,1,1,4,EV,5230,N181PQ,CID,ATL,0554,0554,27,114,84,0845,0905,0,0,,,,,,
2015,1,1,4,WN,526,N742SW,SFO,DEN,0555,0553,11,150,132,0916,0925,0,0,,,,,,
2015,1,1,4,UA,1222,N68452,MCO,LAX,0555,0557,10,343,310,0817,0836,0,0,,,,,,
2015,1,1,4,UA,1507,N31412,TPA,EWR,0555,0549,9,149,131,0809,0831,0,0,,,,,,
2015,1,1,4,AA,1094,N3DXAA,SEA,DFW,0555,0555,24,251,216,1155,1150,0,0,,16,0,0,0,0
2015,1,1,4,AA,1233,N3HXAA,BOS,DFW,0555,0551,15,269,243,0909,0930,0,0,,,,,,
2015,1,1,4,B6,115,N284JB,SYR,JFK,0555,0550,27,75,43,0700,0718,0,0,,,,,,
2015,1,1,4,B6,185,N334JB,ROC,JFK,0555,0550,20,73,48,0658,0720,0,0,,,,,,
2015,1,1,4,EV,2519,N905EV,TYR,DFW,0555,0546,9,50,25,0620,0645,0,0,,,,,,
2015,1,1,4,EV,3928,N11140,MCI,ORD,0555,0554,19,83,58,0711,0729,0,0,,,,,,
2015,1,1,4,EV,3941,N16561,LAN,ORD,0555,0555,27,75,39,0601,0604,0,0,,,,,,
2015,1,1,4,EV,5976,N27200,BUF,EWR,0555,0928,38,93,48,1054,0715,0,0,,13,0,0,0,213
2015,1,1,4,MQ,3161,N5PBMQ,XNA,DFW,0555,,,,,,0710,0,1,B,,,,,
2015,1,1,4,EV,5677,N12563,GSO,EWR,0556,0538,19,90,65,0702,0730,0,0,,,,,,
2015,1,1,4,NK,224,N607NK,ORD,LGA,0556,0547,16,160,92,0835,0900,0,0,,27,0,0,0,0
2015,1,1,4,UA,1457,N76529,LAX,IAH,0557,0555,12,178,160,1047,1109,0,0,,,,,,
2015,1,1,4,AA,1205,N3FKAA,EWR,MIA,0559,0552,22,177,149,0843,0902,0,0,,,,,,
2015,1,1,4,OO,5547,N910SW,ONT,DEN,0559,0758,4,138,123,1105,0920,0,0,,0,0,0,0,116
2015,1,1,4,UA,210,N830UA,MSP,DEN,0600,0556,14,120,100,0650,0719,0,0,,,,,,
2015,1,1,4,UA,214,N454UA,PBI,IAH,0600,0555,17,172,146,0738,0750,0,0,,,,,,
2015,1,1,4,UA,247,N462UA,PHX,IAH,0600,0751,31,160,118,1120,0928,0,0,,12,0,0,0,111
2015,1,1,4,UA,256,N464UA,RSW,IAH,0600,0600,13,155,133,0726,0736,0,0,,,,,,
2015,1,1,4,UA,319,N498UA,EWR,MCO,0600,0603,14,152,135,0832,0853,0,0,,,,,,
2015,1,1,4,UA,374,N415UA,OMA,ORD,0600,0612,19,79,57,0728,0737,0,0,,,,,,
2015,1,1,4,US,635,N544UW,SMF,PHX,0600,0551,24,131,90,0845,0850,0,0,,,,,,
2015,1,1,4,US,646,N654AW,OAK,PHX,0600,0558,28,125,88,0854,0855,0,0,,,,,,
2015,1,1,4,US,1941,N708UW,PVD,CLT,0600,0555,11,130,114,0800,0819,0,0,,,,,,
2015,1,1,4,UA,422,N847UA,RNO,DEN,0600,0557,22,147,120,0919,0910,0,0,,,,,,
2015,1,1,4,UA,544,N831UA,PIT,IAH,0600,0622,19,197,175,0836,0815,0,0,,2,0,22,0,0
2015,1,1,4,UA,1016,N68807,DEN,IAH,0600,0552,11,146,114,0857,0922,0,0,,,,,,
2015,1,1,4,WN,4122,N486WN,BOS,BWI,0600,0556,17,83,63,0716,0745,0,0,,,,,,
2015,1,1,4,WN,4822,N293WN,LAS,BWI,0600,0602,10,243,230,1302,1330,0,0,,,,,,
2015,1,1,4,WN,2215,N249WN,ABQ,HOU,0600,0607,29,135,103,0919,0900,0,0,,15,0,7,0,0
2015,1,1,4,WN,676,N630WN,PHX,SLC,0600,0601,9,88,76,0726,0735,0,0,,,,,,
2015,1,1,4,WN,2787,N910WN,PIT,FLL,0600,0559,9,145,132,0820,0850,0,0,,,,,,
2015,1,1,4,WN,4859,N8641B,PVD,BWI,0600,0606,11,81,63,0720,0740,0,0,,,,,,
2015,1,1,4,WN,597,N768SW,SFO,ATL,0600,0554,9,270,253,1316,1340,0,0,,,,,,
2015,1,1,4,UA,1158,N73445,SFO,ORD,0600,0557,21,256,222,1200,1217,0,0,,,,,,
2015,1,1,4,UA,1163,N24224,MCO,EWR,0600,0555,10,141,126,0811,0834,0,0,,,,,,
2015,1,1,4,UA,1188,N68822,PDX,IAH,0600,0613,11,242,224,1208,1204,0,0,,,,,,
2015,1,1,4,UA,1198,N38451,BOS,ORD,0600,0557,13,165,146,0736,0753,0,0,,,,,,
2015,1,1,4,UA,1224,N87531,SFO,LAX,0600,0605,11,72,52,0708,0728,0,0,,,,,,
2015,1,1,4,UA,1296,N37471,SAT,LAX,0600,0616,10,188,170,0716,0727,0,0,,,,,,
2015,1,1,4,UA,1431,N36207,BOS,LAX,0600,0603,13,396,376,0932,0944,0,0,,,,,,
2015,1,1,4,UA,1637,N33294,SEA,EWR,0600,0606,10,291,268,1344,1411,0,0,,,,,,
2015,1,1,4,UA,1735,N66814,LAX,ORD,0600,0607,13,227,201,1141,1210,0,0,,,,,,
2015,1,1,4,US,410,N765US,IAH,PHX,0600,0553,14,173,155,0742,0750,0,0,,,,,,
2015,1,1,4,US,459,N536UW,MCO,PHX,0600,0557,13,294,273,0843,0841,0,0,,,,,,
2015,1,1,4,US,610,N560UW,SFO,PHX,0600,0557,16,120,87,0840,0854,0,0,,,,,,
2015,1,1,4,AA,72,N5EKAA,DFW,MCO,0600,0606,18,142,120,0924,0925,0,0,,,,,,
2015,1,1,4,AA,196,N3FBAA,MIA,PHL,0600,0604,18,174,148,0850,0844,0,0,,,,,,
2015,1,1,4,AA,304,N4XHAA,SLC,DFW,0600,0601,33,181,137,0951,0950,0,0,,,,,,
2015,1,1,4,AA,175,N3EWAA,DCA,DFW,0600,,,,,,0835,0,1,B,,,,,
2015,1,1,4,AA,281,N3FXAA,MIA,DFW,0600,0559,14,194,166,0759,0814,0,0,,,,,,
2015,1,1,4,AA,233,N3BEAA,BWI,MIA,0600,0643,21,151,124,0908,0843,0,0,,0,0,31,0,0
2015,1,1,4,AA,1100,N3GWAA,DFW,LGA,0600,0554,33,191,154,1001,1010,0,0,,,,,,
2015,1,1,4,AA,1103,N3HCAA,LGA,DFW,0600,,,,,,0905,0,1,B,,,,,
2015,1,1,4,AA,1028,N3BFAA,DEN,ORD,0600,0601,14,127,106,0901,0935,0,0,,,,,,
2015,1,1,4,AA,1039,N541AA,MCI,DFW,0600,0606,13,102,80,0739,0745,0,0,,,,,,
2015,1,1,4,AA,1055,N573AA,MCO,DFW,0600,,,,,,0805,0,1,B,,,,,
2015,1,1,4,AA,1180,N3AYAA,SFO,DFW,0600,,,,,,1130,0,1,B,,,,,
2015,1,1,4,AA,1345,N439AA,TUL,DFW,0600,0556,12,68,48,0656,0715,0,0,,,,,,
2015,1,1,4,AA,1297,N3JYAA,LGA,MIA,0600,0708,17,174,151,0956,0912,0,0,,0,0,50,0,0
2015,1,1,4,AA,1411,N585AA,LIT,DFW,0600,0555,12,75,56,0703,0720,0,0,,,,,,
2015,1,1,4,AA,1084,N3GFAA,MIA,LGA,0600,0558,13,168,149,0840,0855,0,0,,,,,,
2015,1,1,4,AA,1088,N201AA,LAS,DFW,0600,0557,16,170,128,1021,1040,0,0,,,,,,
2015,1,1,4,AA,1534,N4YPAA,PDX,DFW,0600,0556,11,226,206,1133,1145,0,0,,,,,,
2015,1,1,4,AA,1573,N467AA,TPA,DFW,0600,0554,10,156,139,0723,0750,0,0,,,,,,
2015,1,1,4,AA,1660,N567AA,SMF,DFW,0600,0611,29,230,190,1150,1130,0,0,,20,0,11,0,0
2015,1,1,4,AA,2204,N3GKAA,MSY,MIA,0600,0555,12,101,82,0829,0849,0,0,,,,,,
2015,1,1,4,AA,1515,N3HMAA,LAX,ORD,0600,0557,13,222,202,1132,1205,0,0,,,,,,
2015,1,1,4,AA,2307,N505AA,OMA,DFW,0600,0554,30,131,91,0755,0800,0,0,,,,,,
2015,1,1,4,AA,2363,N560AA,OKC,DFW,0600,0610,42,85,39,0731,0705,0,0,,20,0,10,0,0
2015,1,1,4,AS,81,N577AS,SEA,ANC,0600,0557,25,224,195,0837,0854,0,0,,,,,,
2015,1,1,4,AS,162,N792AS,FAI,ANC,0600,0544,26,80,44,0654,0713,0,0,,,,,,
2015,1,1,4,AS,200,N767AS,SEA,SJC,0600,0550,21,124,99,0750,0803,0,0,,,,,,
2015,1,1,4,AS,342,N440AS,SEA,OAK,0600,0555,11,108,92,0738,0759,0,0,,,,,,
2015,1,1,4,AS,406,N589AS,PDX,SJC,0600,0555,8,94,82,0725,0742,0,0,,,,,,
2015,1,1,4,AS,477,N453AS,LAX,SEA,0600,0555,21,166,141,0837,0850,0,0,,,,,,
2015,1,1,4,AS,631,N512AS,PHX,SEA,0600,0555,10,168,151,0736,0755,0,0,,,,,,
2015,1,1,4,AS,683,N618AS,DEN,SEA,0600,0549,16,167,137,0722,0810,0,0,,,,,,
2015,1,1,4,AS,699,N532AS,GEG,SEA,0600,0558,23,80,42,0703,0715,0,0,,,,,,
2015,1,1,4,B6,130,N510JB,RSW,JFK,0600,0557,10,162,141,0828,0841,0,0,,,,,,
2015,1,1,4,B6,154,N536JB,PBI,JFK,0600,0559,11,164,141,0831,0834,0,0,,,,,,
2015,1,1,4,B6,353,N570JB,JFK,PBI,0600,0554,16,162,142,0832,0858,0,0,,,,,,
2015,1,1,4,B6,226,N648JB,TPA,JFK,0600,0553,10,153,130,0813,0831,0,0,,,,,,
2015,1,1,4,B6,272,N556JB,FLL,LGA,0600,0559,16,164,143,0838,0841,0,0,,,,,,
2015,1,1,4,B6,447,N527JB,OAK,LGB,0600,0552,15,78,60,0707,0720,0,0,,,,,,
2015,1,1,4,B6,371,N708JB,LGA,FLL,0600,0600,22,177,150,0852,0903,0,0,,,,,,
2015,1,1,4,B6,583,N531JB,JFK,MCO,0600,0557,16,155,135,0828,0851,0,0,,,,,,
2015,1,1,4,B6,605,N766JB,EWR,FLL,0600,0556,12,163,145,0833,0900,0,0,,,,,,
2015,1,1,4,B6,525,N645JB,JFK,TPA,0600,0554,21,186,157,0852,0901,0,0,,,,,,
2015,1,1,4,B6,746,N587JB,PSE,JFK,0600,0557,9,239,225,0851,0901,0,0,,,,,,
2015,1,1,4,B6,776,N236JB,MSY,JFK,0600,0550,11,160,140,0921,0948,0,0,,,,,,
2015,1,1,4,B6,794,N519JB,AUS,JFK,0600,0559,16,194,175,1010,1023,0,0,,,,,,
2015,1,1,4,B6,838,N715JB,BQN,JFK,0600,0601,11,246,225,0857,0852,0,0,,14,0,1,0,0
2015,1,1,4,B6,892,N598JB,TPA,BOS,0600,0554,12,167,151,0837,0853,0,0,,,,,,
2015,1,1,4,B6,1678,N618JB,JAX,JFK,0600,0600,14,136,109,0803,0808,0,0,,,,,,
2015,1,1,4,B6,1790,N203JB,DCA,BOS,0600,0557,19,88,62,0718,0724,0,0,,,,,,
2015,1,1,4,DL,421,N967DL,JFK,ATL,0600,0605,18,139,117,0820,0843,0,0,,,,,,
2015,1,1,4,DL,731,N323NB,LGA,DTW,0600,0604,10,113,97,0751,0758,0,0,,,,,,
2015,1,1,4,DL,743,N341NW,RNO,SLC,0600,0600,31,118,68,0839,0840,0,0,,18,0,0,0,0
2015,1,1,4,DL,750,N995AT,BOS,JFK,0600,0556,20,76,44,0700,0720,0,0,,,,,,
2015,1,1,4,DL,809,N931DN,BOS,MSP,0600,0600,23,212,186,0829,0830,0,0,,,,,,
2015,1,1,4,DL,904,N3748Y,LGA,ATL,0600,0601,11,126,111,0803,0839,0,0,,,,,,
2015,1,1,4,DL,977,N988DL,ORD,ATL,0600,0602,19,104,80,0841,0907,0,0,,,,,,
2015,1,1,4,DL,1088,N682DA,ANC,MSP,0600,0557,11,280,266,1334,1417,0,0,,,,,,
2015,1,1,4,DL,1098,N966AT,ATW,ATL,0600,0601,9,110,97,0847,0923,0,0,,,,,,
2015,1,1,4,DL,1205,N612DL,PHX,ATL,0600,0804,16,190,169,1309,1127,0,0,,0,0,0,0,107
2015,1,1,4,DL,1234,N912DE,PNS,ATL,0600,0554,8,55,41,0743,0809,0,0,,,,,,
2015,1,1,4,DL,1235,N358NW,MCO,SLC,0600,0554,15,300,280,0849,0904,0,0,,,,,,
2015,1,1,4,AA,1462,N547AA,ONT,DFW,0600,,,,,,1100,0,1,B,,,,,
2015,1,1,4,AA,913,N3JVAA,DCA,MIA,0600,0605,12,151,130,0827,0837,0,0,,,,,,
2015,1,1,4,DL,1961,N947DN,RIC,ATL,0600,0554,12,91,75,0721,0753,0,0,,,,,,
2015,1,1,4,DL,2154,N813DN,LAX,ATL,0600,0559,12,231,213,1244,1310,0,0,,,,,,
2015,1,1,4,DL,2282,N974DL,BOS,ATL,0600,0558,21,171,144,0843,0911,0,0,,,,,,
2015,1,1,4,DL,2417,N554NW,LAS,DTW,0600,0559,19,212,187,1225,1253,0,0,,,,,,
2015,1,1,4,DL,1540,N903DE,OKC,ATL,0600,0550,41,131,85,0856,0904,0,0,,,,,,
2015,1,1,4,DL,1574,N532US,MCO,MSP,0600,0550,12,212,196,0818,0829,0,0,,,,,,
2015,1,1,4,DL,1700,N952DL,MEM,ATL,0600,0617,10,59,45,0812,0822,0,0,,,,,,
2015,1,1,4,DL,1867,N934AT,TUL,ATL,0600,0555,15,99,80,0830,0858,0,0,,,,,,
2015,1,1,4,DL,1937,N905DA,BWI,DTW,0600,0551,18,92,69,0718,0742,0,0,,,,,,
2015,1,1,4,B6,159,N193JB,BOS,PHL,0600,0554,18,84,61,0713,0739,0,0,,,,,,
2015,1,1,4,B6,198,N523JB,MCO,LGA,0600,0557,15,150,129,0821,0825,0,0,,,,,,
2015,1,1,4,B6,1502,N535JB,FLL,JFK,0600,0610,13,170,146,0849,0843,0,0,,7,0,10,0,0
2015,1,1,4,B6,1504,N640JB,SJU,JFK,0600,0627,17,274,248,0952,0902,0,0,,32,0,27,0,0
2015,1,1,4,B6,1600,N351JB,BOS,DCA,0600,0552,17,92,72,0721,0747,0,0,,,,,,
2015,1,1,4,EV,2533,N906EV,TYS,DFW,0600,0559,33,166,128,0740,0735,0,0,,,,,,
2015,1,1,4,EV,4213,N17560,MHT,ORD,0600,0555,16,174,153,0744,0753,0,0,,,,,,
2015,1,1,4,EV,4431,N14158,SAV,EWR,0600,0726,18,125,98,0922,0806,0,0,,85,0,0,0,0
2015,1,1,4,EV,4411,N14568,MEM,EWR,0600,0552,17,146,120,0909,0938,0,0,,,,,,
2015,1,1,4,EV,4756,N13908,CLT,ORD,0600,0559,26,142,109,0714,0703,0,0,,18,0,0,0,0
2015,1,1,4,EV,4768,N16987,TYS,IAD,0600,0553,22,90,58,0713,0725,0,0,,,,,,
2015,1,1,4,EV,4740,N11107,GRB,ORD,0600,0556,12,57,34,0642,0703,0,0,,,,,,
2015,1,1,4,EV,5103,N846AS,ABE,DTW,0600,0552,12,101,84,0728,0753,0,0,,,,,,
2015,1,1,4,EV,5275,N861AS,JAN,ATL,0600,0559,12,70,51,0802,0819,0,0,,,,,,
2015,1,1,4,EV,5491,N838AS,OAJ,ATL,0600,0552,23,97,69,0724,0732,0,0,,,,,,
2015,1,1,4,EV,5978,N21129,FAR,ORD,0600,0603,37,120,78,0758,0803,0,0,,,,,,
2015,1,1,4,EV,5917,N13997,JAN,ORD,0600,0556,13,119,99,0748,0814,0,0,,,,,,
2015,1,1,4,EV,6133,N12996,ERI,ORD,0600,0616,11,95,79,0646,0632,0,0,,3,0,16,0,0
2015,1,1,4,EV,6082,N12122,ATW,ORD,0600,0600,15,63,37,0652,0703,0,0,,,,,,
2015,1,1,4,EV,6122,N16559,LEX,ORD,0600,0556,11,83,65,0612,0630,0,0,,,,,,
2015,1,1,4,EV,6143,N12921,CWA,ORD,0600,0550,25,83,47,0702,0716,0,0,,,,,,
2015,1,1,4,F9,865,,MSO,DEN,0600,,,,,,0800,0,1,A,,,,,
2015,1,1,4,F9,1256,,ORD,MIA,0600,,,,,,1000,0,1,A,,,,,
2015,1,1,4,F9,1104,N211FR,CLE,FLL,0600,0556,10,157,142,0828,0855,0,0,,,,,,
2015,1,1,4,F9,1057,N919FR,IAH,SFO,0600,0552,16,262,237,0805,0820,0,0,,,,,,
2015,1,1,4,F9,144,N924FR,SEA,DEN,0600,0605,10,148,131,0926,0933,0,0,,,,,,
2015,1,1,4,F9,1056,N929FR,SFO,IAH,0600,0552,15,234,209,1136,1145,0,0,,,,,,
2015,1,1,4,F9,901,N939FR,TTN,ATL,0600,0557,10,131,109,0756,0819,0,0,,,,,,
2015,1,1,4,F9,902,N949FR,ATL,TTN,0600,0619,11,115,98,0808,0750,0,0,,5,0,19,0,0
2015,1,1,4,HA,202,N491HA,HNL,ITO,0600,0553,12,53,36,0641,0650,0,0,,,,,,
2015,1,1,4,MQ,2898,N514MQ,MAF,DFW,0600,,,,,,0710,0,1,B,,,,,
2015,1,1,4,MQ,2957,N504MQ,AMA,DFW,0600,,,,,,0720,0,1,B,,,,,
2015,1,1,4,MQ,2962,N609MQ,CLL,DFW,0600,,,,,,0700,0,1,B,,,,,
2015,1,1,4,MQ,3014,N908MQ,HOU,DFW,0600,,,,,,0710,0,1,B,,,,,
2015,1,1,4,MQ,3015,N825MQ,DFW,BTR,0600,,,,,,0718,0,1,B,,,,,
2015,1,1,4,MQ,3079,N646MQ,JLN,DFW,0600,,,,,,0720,0,1,B,,,,,
2015,1,1,4,MQ,3189,N532MQ,CID,DFW,0600,,,,,,0820,0,1,B,,,,,
2015,1,1,4,MQ,3302,N649MQ,MLI,DFW,0600,,,,,,0825,0,1,B,,,,,
2015,1,1,4,MQ,3338,N925MQ,GSP,DFW,0600,,,,,,0750,0,1,B,,,,,
2015,1,1,4,MQ,3350,N830MQ,RDU,JFK,0600,0555,32,103,64,0731,0735,0,0,,,,,,
2015,1,1,4,MQ,3355,N618MQ,CVG,MIA,0600,0556,15,150,123,0814,0833,0,0,,,,,,
2015,1,1,4,MQ,3251,N615MQ,MHK,DFW,0600,,,,,,0740,0,1,B,,,,,
2015,1,1,4,MQ,3377,N631MQ,MOB,DFW,0600,,,,,,0750,0,1,B,,,,,
2015,1,1,4,MQ,3441,N698MQ,TLH,DFW,0600,,,,,,0730,0,1,B,,,,,
2015,1,1,4,MQ,3540,N602MQ,PNS,MIA,0600,0555,18,96,73,0826,0843,0,0,,,,,,
2015,1,1,4,MQ,3488,N620MQ,BHM,MIA,0600,0600,19,112,87,0846,0857,0,0,,,,,,
2015,1,1,4,MQ,3597,N612MQ,CVG,DFW,0600,,,,,,0745,0,1,B,,,,,
2015,1,1,4,MQ,3611,N902MQ,CAE,DFW,0600,,,,,,0805,0,1,B,,,,,
2015,1,1,4,MQ,3678,N625MQ,TXK,DFW,0600,,,,,,0700,0,1,B,,,,,
2015,1,1,4,NK,188,N505NK,OAK,LAS,0600,0551,10,84,68,0709,0723,0,0,,,,,,
2015,1,1,4,NK,925,N634NK,DFW,OAK,0600,0600,13,209,188,0721,0758,0,0,,,,,,
2015,1,1,4,NK,943,N605NK,ACY,RSW,0600,0742,10,155,141,1013,0851,0,0,,86,0,0,0,0
2015,1,1,4,NK,316,N601NK,DTW,LGA,0600,0558,11,158,67,0716,0738,0,0,,58,0,0,0,0
2015,1,1,4,NK,972,N606NK,DFW,FLL,0600,0603,56,191,131,1010,0939,0,0,,35,0,0,0,0
2015,1,1,4,OO,2622,N492SW,SMF,LAX,0600,0551,31,97,61,0723,0730,0,0,,,,,,
2015,1,1,4,OO,6360,N952SW,RAP,DEN,0600,0600,33,90,49,0722,0722,0,0,,,,,,
2015,1,1,4,OO,6369,N763SK,TUS,SFO,0600,0604,22,136,108,0714,0714,0,0,,,,,,
2015,1,1,4,OO,5330,N652BR,EAU,ORD,0600,0552,9,58,43,0644,0719,0,0,,,,,,
2015,1,1,4,OO,5292,N971SW,DLH,ORD,0600,0556,31,96,58,0725,0736,0,0,,,,,,
2015,1,1,4,OO,6276,N715SK,FSD,ORD,0600,0557,27,101,67,0731,0736,0,0,,,,,,
2015,1,1,4,OO,6235,N114SY,AUS,SFO,0600,0556,21,237,213,0750,0809,0,0,,,,,,
2015,1,1,4,OO,3489,N227AG,FAT,SEA,0600,0557,22,136,110,0809,0810,0,0,,,,,,
2015,1,1,4,OO,3461,N223AG,ONT,PDX,0600,0550,15,138,119,0804,0827,0,0,,,,,,
2015,1,1,4,OO,7423,N427SW,INL,BRD,0600,0550,31,65,30,0651,0658,0,0,,,,,,
2015,1,1,4,OO,5318,N946SW,CMX,ORD,0600,,,,,,0627,0,1,B,,,,,
2015,1,1,4,OO,5445,N579SW,SMF,SFO,0600,,,,,,0652,0,1,A,,,,,
2015,1,1,4,OO,5242,N744SK,BOI,LAX,0600,0639,24,121,89,0732,0710,0,0,,0,0,30,0,0
2015,1,1,4,OO,5462,N929EV,SPI,ORD,0600,0604,20,65,39,0703,0704,0,0,,,,,,
2015,1,1,4,OO,5466,N568SW,CLD,LAX,0600,0654,48,85,24,0806,0651,0,0,,34,0,0,0,54
2015,1,1,4,OO,5550,N594SW,COD,DEN,0600,0559,27,93,58,0724,0733,0,0,,,,,,
2015,1,1,4,OO,5574,N563SW,FAT,SFO,0600,0600,40,81,37,0717,0714,0,0,,,,,,
2015,1,1,4,MQ,3221,N682MQ,CMH,MIA,0600,0555,17,160,137,0829,0846,0,0,,,,,,
2015,1,1,4,MQ,3224,N631MQ,LRD,DFW,0600,,,,,,0720,0,1,B,,,,,
2015,1,1,4,OO,5522,N796SK,PSC,DEN,0600,0601,22,145,115,0918,0922,0,0,,,,,,
2015,1,1,4,OO,5592,N494CA,CPR,DEN,0600,0604,31,77,39,0714,0712,0,0,,,,,,
2015,1,1,4,OO,5604,N292SW,ACV,SFO,0600,0550,29,103,69,0728,0723,0,0,,,,,,
2015,1,1,4,OO,5170,N791SK,DAL,IAH,0600,0622,12,58,41,0715,0708,0,0,,,,,,
2015,1,1,4,OO,5429,N958SW,PAH,ORD,0600,0551,8,79,66,0705,0733,0,0,,,,,,
2015,1,1,4,OO,5435,N976SW,PSC,SFO,0600,0556,37,130,89,0802,0807,0,0,,,,,,
2015,1,1,4,OO,6378,N767SK,CID,ORD,0600,0610,8,57,43,0701,0708,0,0,,,,,,
2015,1,1,4,OO,6401,N740SK,EUG,SFO,0600,0557,19,92,69,0725,0736,0,0,,,,,,
2015,1,1,4,OO,6332,N708SK,DFW,DEN,0600,0556,27,138,100,0703,0705,0,0,,,,,,
2015,1,1,4,OO,6346,N291SW,MRY,SFO,0600,0555,13,39,21,0629,0646,0,0,,,,,,
2015,1,1,4,OO,6465,N495CA,SLC,LAX,0600,0604,32,122,85,0701,0712,0,0,,,,,,
2015,1,1,4,OO,7392,N438SW,ESC,DTW,0600,0558,15,68,47,0700,0727,0,0,,,,,,
2015,1,1,4,OO,6403,N983SW,MFR,SFO,0600,0557,26,86,55,0718,0729,0,0,,,,,,
2015,1,1,4,OO,6497,N913SW,FAT,DEN,0600,0559,34,179,132,0945,0925,0,0,,33,0,0,0,0
2015,1,1,4,UA,576,N817UA,SFO,EWR,0601,0552,17,317,292,1401,1432,0,0,,,,,,
2015,1,1,4,UA,1410,N76523,LAS,IAH,0601,0601,13,168,149,1043,1056,0,0,,,,,,
2015,1,1,4,UA,1689,N39461,EWR,SFO,0601,0602,11,378,355,0908,0940,0,0,,,,,,
2015,1,1,4,EV,6020,N11121,ISN,DEN,0601,0559,29,122,83,0651,0710,0,0,,,,,,
2015,1,1,4,HA,113,N486HA,HNL,LIH,0601,0557,10,39,23,0630,0638,0,0,,,,,,
2015,1,1,4,OO,5629,N726SK,PSP,SFO,0601,0632,11,80,65,0748,0735,0,0,,0,0,0,0,17
2015,1,1,4,OO,6420,N924SW,PSP,DEN,0601,0812,8,144,107,1107,0912,0,0,,13,0,0,0,131
2015,1,1,4,UA,223,N816UA,SAT,IAH,0602,0610,14,50,31,0655,0700,0,0,,,,,,
2015,1,1,4,UA,996,N406UA,LAX,EWR,0603,0603,16,287,263,1342,1422,0,0,,,,,,
2015,1,1,4,UA,1721,N75425,LAX,SFO,0603,0601,13,75,54,0708,0730,0,0,,,,,,
2015,1,1,4,EV,4390,N15986,CLE,IAD,0603,0558,18,86,44,0700,0725,0,0,,,,,,
2015,1,1,4,EV,5732,N833AS,CAE,IAD,0603,0605,21,87,62,0728,0725,0,0,,,,,,
2015,1,1,4,F9,756,N948FR,PHX,DEN,0603,0603,25,111,79,0747,0750,0,0,,,,,,
2015,1,1,4,UA,234,N838UA,SMF,IAH,0605,0613,29,227,193,1155,1141,0,0,,11,0,8,0,0
2015,1,1,4,UA,415,N509UA,JFK,SFO,0605,0605,20,400,368,0933,0949,0,0,,,,,,
2015,1,1,4,US,647,N664AW,BOS,PHX,0605,0614,14,373,355,1023,1014,0,0,,,,,,
2015,1,1,4,US,829,N723UW,BOS,CLT,0605,0601,25,148,120,0826,0832,0,0,,,,,,
2015,1,1,4,US,1743,N839AW,DTW,MIA,0605,0601,12,164,147,0840,0911,0,0,,,,,,
2015,1,1,4,UA,1023,N73276,FLL,EWR,0605,0600,13,169,150,0843,0859,0,0,,,,,,
2015,1,1,4,WN,2505,N467WN,GEG,DEN,0605,0604,14,132,111,0909,0925,0,0,,,,,,
2015,1,1,4,WN,239,N653SW,SAT,STL,0605,0559,9,104,91,0739,0805,0,0,,,,,,
2015,1,1,4,WN,474,N614SW,ONT,DEN,0605,0609,13,136,116,0918,0925,0,0,,,,,,
2015,1,1,4,UA,1245,N39726,CLE,EWR,0605,0602,10,73,55,0707,0736,0,0,,,,,,
2015,1,1,4,US,560,N663AW,DFW,PHX,0605,0612,15,158,140,0747,0742,0,0,,,,,,
2015,1,1,4,AA,310,N201AA,MFE,DFW,0605,,,,,,0740,0,1,B,,,,,
2015,1,1,4,AA,375,N4WLAA,STL,DFW,0605,0557,15,111,90,0742,0805,0,0,,,,,,
2015,1,1,4,AA,378,N3BGAA,SJU,MIA,0605,0557,17,184,147,0741,0750,0,0,,,,,,
2015,1,1,4,AA,1291,N4XYAA,MKE,DFW,0605,0605,14,164,138,0837,0900,0,0,,,,,,
2015,1,1,4,AS,320,N622AS,SEA,SFO,0605,0602,21,125,97,0800,0810,0,0,,,,,,
2015,1,1,4,AS,602,N407AS,SEA,LAS,0605,0602,23,143,115,0820,0825,0,0,,,,,,
2015,1,1,4,B6,233,N247JB,BTV,JFK,0605,0553,12,84,50,0655,0733,0,0,,,,,,
2015,1,1,4,B6,601,N559JB,JFK,FLL,0605,0603,17,188,148,0848,0913,0,0,,,,,,
2015,1,1,4,B6,735,N821JB,SFO,LGB,0605,0557,13,75,59,0709,0726,0,0,,,,,,
2015,1,1,4,B6,922,N809JB,PBI,BOS,0605,0621,13,184,163,0917,0857,0,0,,12,0,16,0,0
2015,1,1,4,B6,1184,N641JB,MCO,JFK,0605,0600,17,161,129,0826,0831,0,0,,,,,,
2015,1,1,4,B6,1434,N503JB,SJU,MCO,0605,0738,12,183,165,0935,0813,0,0,,0,0,0,88,0
2015,1,1,4,DL,1065,N975DL,BDL,ATL,0605,0601,14,150,130,0825,0857,0,0,,,,,,
2015,1,1,4,DL,1456,N3759,RDU,ATL,0605,0701,11,73,57,0809,0735,0,0,,0,0,39,0,0
2015,1,1,4,DL,1723,N336NB,SFO,SLC,0605,0604,15,108,88,0847,0854,0,0,,,,,,
2015,1,1,4,EV,4642,N14143,TUS,IAH,0605,0613,29,153,117,0939,0927,0,0,,11,0,8,0,0
2015,1,1,4,EV,4928,N933EV,PIA,ATL,0605,0600,9,97,83,0832,0901,0,0,,,,,,
2015,1,1,4,F9,609,N223FR,IND,DEN,0605,0556,9,167,150,0635,0702,0,0,,,,,,
2015,1,1,4,F9,821,N920FR,MCI,DEN,0605,0607,13,113,93,0653,0654,0,0,,,,,,
2015,1,1,4,F9,133,N951FR,DFW,DEN,0605,0702,18,117,91,0751,0707,0,0,,0,0,52,0,0
2015,1,1,4,MQ,2881,N907MQ,FSM,DFW,0605,,,,,,0715,0,1,B,,,,,
2015,1,1,4,MQ,2771,N667MQ,AEX,DFW,0605,,,,,,0725,0,1,B,,,,,
2015,1,1,4,MQ,3288,N838MQ,SPS,DFW,0605,,,,,,0650,0,1,B,,,,,
2015,1,1,4,MQ,3328,N640MQ,ACT,DFW,0605,,,,,,0650,0,1,B,,,,,
2015,1,1,4,MQ,3408,N625MQ,SJT,DFW,0605,,,,,,0705,0,1,B,,,,,
2015,1,1,4,MQ,3643,N923MQ,JAN,DFW,0605,,,,,,0745,0,1,B,,,,,
2015,1,1,4,HA,286,N480HA,HNL,OGG,0605,0600,12,40,22,0634,0641,0,0,,,,,,
2015,1,1,4,OO,5181,N788SK,OKC,LAX,0605,0602,40,211,165,0727,0724,0,0,,,,,,
2015,1,1,4,OO,6499,N945SW,FAR,DEN,0605,0610,32,133,87,0709,0726,0,0,,,,,,
2015,1,1,4,UA,1160,N76522,SFO,IAH,0606,0601,13,236,199,1133,1159,0,0,,,,,,
2015,1,1,4,UA,1601,N37466,EWR,FLL,0606,0558,13,160,143,0834,0915,0,0,,,,,,
2015,1,1,4,OO,6461,N959SW,MTJ,DEN,0606,0559,29,78,39,0707,0715,0,0,,,,,,
2015,1,1,4,NK,606,N623NK,RSW,DTW,0607,0601,14,179,155,0850,0853,0,0,,,,,,
2015,1,1,4,OO,7389,N561SW,GCC,RKS,0607,0602,12,73,57,0711,0724,0,0,,,,,,
2015,1,1,4,UA,220,N813UA,MSY,EWR,0608,0606,12,160,140,0938,1000,0,0,,,,,,
2015,1,1,4,UA,654,N422UA,ORD,MCO,0608,0603,11,147,127,0921,0951,0,0,,,,,,
2015,1,1,4,EV,6119,N16951,RIC,ORD,0608,0608,12,141,123,0723,0725,0,0,,,,,,
2015,1,1,4,OO,5456,N920SW,RDM,SFO,0608,0559,14,88,68,0721,0750,0,0,,,,,,
2015,1,1,4,HA,205,N484HA,OGG,HNL,0609,0601,8,36,23,0632,0641,0,0,,,,,,
2015,1,1,4,OO,4494,N431SW,SJC,SLC,0609,0559,31,144,106,0916,0911,0,0,,,,,,
2015,1,1,4,OO,5370,N979SW,ORD,MBS,0610,0607,13,56,37,0757,0816,0,0,,,,,,
2015,1,1,4,US,1709,N677AW,EWR,CLT,0610,0616,29,130,95,0820,0811,0,0,,9,0,6,0,0
2015,1,1,4,WN,828,N8303R,PHX,BWI,0610,0610,12,226,210,1152,1220,0,0,,,,,,
2015,1,1,4,UA,1632,N37464,SEA,IAD,0610,0605,13,270,252,1330,1404,0,0,,,,,,
2015,1,1,4,UA,1725,N72405,LAS,SFO,0610,0606,13,80,62,0721,0746,0,0,,,,,,
2015,1,1,4,AA,168,N5BSAA,DFW,MIA,0610,0603,10,152,129,0922,0953,0,0,,,,,,
2015,1,1,4,AA,1315,N424AA,BNA,DFW,0610,,,,,,0825,0,1,B,,,,,
2015,1,1,4,AA,1336,N3LCAA,PHX,DFW,0610,0603,18,136,108,0909,0925,0,0,,,,,,
2015,1,1,4,AA,1619,N3AMAA,BOS,MIA,0610,0605,13,204,179,0917,0946,0,0,,,,,,
2015,1,1,4,AA,1686,N4XXAA,LAX,STL,0610,0609,19,205,183,1131,1145,0,0,,,,,,
2015,1,1,4,AS,345,N469AS,OAK,SEA,0610,0608,13,113,95,0756,0809,0,0,,,,,,
2015,1,1,4,AS,454,N442AS,SEA,LAX,0610,0611,19,150,122,0832,0845,0,0,,,,,,
2015,1,1,4,B6,57,N348JB,BOS,IAD,0610,0603,18,94,73,0734,0801,0,0,,,,,,
2015,1,1,4,B6,24,N923JB,LAX,JFK,0610,0620,10,293,279,1409,1424,0,0,,,,,,
2015,1,1,4,B6,1279,N355JB,DCA,FLL,0610,0603,16,148,126,0825,0845,0,0,,,,,,
2015,1,1,4,B6,1836,N281JB,DTW,BOS,0610,0603,12,90,74,0729,0808,0,0,,,,,,
2015,1,1,4,AA,1361,N3KYAA,BNA,LAX,0610,0607,10,280,255,0832,0855,0,0,,,,,,
2015,1,1,4,DL,327,N692DL,PHL,ATL,0610,0608,16,126,103,0807,0845,0,0,,,,,,
2015,1,1,4,DL,1492,N819DN,PHX,MSP,0610,0756,20,173,145,1141,1016,0,0,,0,0,0,0,93
2015,1,1,4,B6,1554,N760JB,SJU,FLL,0610,0625,13,167,147,0805,0753,0,0,,4,0,15,0,0
2015,1,1,4,EV,4556,N41104,VPS,IAH,0610,0607,11,119,99,0757,0809,0,0,,,,,,
2015,1,1,4,EV,6071,N14186,GUC,DEN,0610,0617,19,64,34,0710,0709,0,0,,,,,,
2015,1,1,4,F9,1252,N910FR,MIA,LGA,0610,0648,16,177,147,0931,0905,0,0,,26,0,14,0,0
2015,1,1,4,MQ,3323,N613MQ,RIC,MIA,0610,0609,19,147,123,0831,0851,0,0,,,,,,
2015,1,1,4,MQ,3601,N530MQ,DTW,LGA,0610,0603,12,87,68,0723,0755,0,0,,,,,,
2015,1,1,4,MQ,3551,N663MQ,ORF,MIA,0610,0605,25,157,128,0838,0846,0,0,,,,,,
2015,1,1,4,OO,5572,N970SW,MOT,DEN,0610,0600,20,114,84,0644,0723,0,0,,,,,,
2015,1,1,4,AA,1312,N021AA,STL,MIA,0611,0603,13,149,127,0923,1000,0,0,,,,,,
2015,1,1,4,B6,269,N834JB,BOS,FLL,0611,0607,17,197,174,0918,0944,0,0,,,,,,
2015,1,1,4,EV,4506,N12552,MLU,IAH,0612,0641,3,72,58,0742,0725,0,0,,28,0,0,0,0
2015,1,1,4,OO,5337,N961SW,MAF,DEN,0612,,,,,,0708,0,1,B,,,,,
2015,1,1,4,NK,562,N510NK,LAX,LAS,0613,0608,14,64,44,0706,0721,0,0,,,,,,
2015,1,1,4,UA,416,N496UA,PDX,ORD,0614,0612,10,224,207,1149,1209,0,0,,,,,,
2015,1,1,4,B6,1403,N763JB,JFK,SJU,0614,0612,15,202,182,1029,1057,0,0,,,,,,
2015,1,1,4,HA,107,N476HA,KOA,HNL,0614,0620,11,47,30,0701,0656,0,0,,,,,,
2015,1,1,4,OO,4681,N783CA,EUG,SLC,0614,0607,18,112,90,0855,0909,0,0,,,,,,
2015,1,1,4,US,1754,N815AW,RNO,PHX,0615,0605,24,112,84,0853,0902,0,0,,,,,,
2015,1,1,4,US,1789,N543UW,PHX,CLT,0615,0629,12,207,183,1144,1203,0,0,,,,,,
2015,1,1,4,WN,1966,N466WN,CMH,ATL,0615,0831,13,90,65,0949,0805,0,0,,0,0,116,0,0
2015,1,1,4,WN,2351,N7728D,HOU,ATL,0615,0612,7,106,91,0850,0905,0,0,,,,,,
2015,1,1,4,WN,137,N621SW,HOU,PHX,0615,0613,9,173,160,0802,0810,0,0,,,,,,
2015,1,1,4,AA,1125,N3KCAA,DTW,DFW,0615,,,,,,0820,0,1,B,,,,,
2015,1,1,4,AA,1165,N3ACAA,BOS,JFK,0615,0613,16,64,44,0713,0730,0,0,,,,,,
2015,1,1,4,AA,1581,N3KGAA,DFW,DCA,0615,,,,,,0959,0,1,B,,,,,
2015,1,1,4,AA,2253,N437AA,MSP,DFW,0615,0618,19,156,128,0845,0900,0,0,,,,,,
2015,1,1,4,AS,504,N627AS,SEA,SNA,0615,0609,22,156,129,0840,0850,0,0,,,,,,
2015,1,1,4,B6,99,N274JB,BDL,DCA,0615,0607,13,85,67,0727,0755,0,0,,,,,,
2015,1,1,4,B6,962,N709JB,SJU,BOS,0615,0731,12,261,244,1047,0922,0,0,,14,0,76,0,0
2015,1,1,4,B6,2006,N566JB,FLL,EWR,0615,0615,20,173,148,0903,0900,0,0,,,,,,
2015,1,1,4,DL,828,N910AT,MOB,ATL,0615,0613,8,57,43,0804,0823,0,0,,,,,,
2015,1,1,4,DL,978,N693DL,SAN,SLC,0615,0611,20,115,89,0900,0916,0,0,,,,,,
2015,1,1,4,DL,985,N352NW,LAS,SLC,0615,0609,13,79,60,0822,0841,0,0,,,,,,
2015,1,1,4,DL,1275,N920DN,DCA,DTW,0615,0609,25,109,73,0747,0755,0,0,,,,,,
2015,1,1,4,DL,2384,N361NB,SMF,SLC,0615,0608,36,121,80,0904,0853,0,0,,16,0,0,0,0
2015,1,1,4,DL,1610,N385DN,DEN,DTW,0615,0613,15,142,121,1029,1119,0,0,,,,,,
2015,1,1,4,DL,1866,N827DN,SFO,ATL,0615,0616,11,266,251,1338,1345,0,0,,,,,,
2015,1,1,4,DL,1919,N321NB,LGA,MSP,0615,0611,13,189,172,0816,0824,0,0,,,,,,
2015,1,1,4,EV,2522,N879AS,LAW,DFW,0615,1219,27,67,30,1316,0710,0,0,,12,0,364,0,0
2015,1,1,4,EV,2512,N901EV,BRO,DFW,0615,0604,9,82,68,0721,0750,0,0,,,,,,
2015,1,1,4,EV,2572,N876AS,PIB,MEI,0615,0607,24,42,15,0646,0700,0,0,,,,,,
2015,1,1,4,EV,4531,N14204,CHS,IAH,0615,0623,27,200,163,0833,0807,0,0,,28,0,8,0,0
2015,1,1,4,EV,4655,N13202,MEM,IAH,0615,0621,13,113,88,0802,0805,0,0,,,,,,
2015,1,1,4,EV,5123,N847AS,MGM,ATL,0615,0609,13,45,27,0749,0806,0,0,,,,,,
2015,1,1,4,F9,582,N221FR,SLC,DEN,0615,0617,33,104,64,0754,0747,0,0,,,,,,
2015,1,1,4,F9,439,N931FR,OMA,DEN,0615,0609,19,99,73,0641,0700,0,0,,,,,,
2015,1,1,4,MQ,2958,N657MQ,FAR,DFW,0615,,,,,,0915,0,1,B,,,,,
2015,1,1,4,MQ,3432,N546MQ,DCA,JFK,0615,0859,10,60,41,0950,0718,0,0,,0,46,115,0,0
2015,1,1,4,MQ,3613,N932MQ,MSN,DFW,0615,,,,,,0855,0,1,B,,,,,
2015,1,1,4,MQ,3568,N528MQ,CMH,LGA,0615,0610,11,80,63,0724,0750,0,0,,,,,,
2015,1,1,4,OO,5348,N562SW,SBP,LAX,0615,0613,21,64,37,0711,0726,0,0,,,,,,
2015,1,1,4,OO,5256,N789SK,COS,IAH,0615,0614,32,153,116,0942,0934,0,0,,,,,,
2015,1,1,4,OO,4747,N810SK,OAK,SLC,0615,0612,10,112,95,0857,0905,0,0,,,,,,
2015,1,1,4,OO,5464,N296SW,LAR,DEN,0615,0611,30,68,28,0709,0708,0,0,,,,,,
2015,1,1,4,OO,5608,N930SW,SAN,LAX,0615,0614,16,48,25,0655,0707,0,0,,,,,,
2015,1,1,4,OO,5636,N237SW,BFL,SFO,0615,0608,30,92,59,0737,0750,0,0,,,,,,
2015,1,1,4,OO,6571,N886AS,DRO,PHX,0615,0631,61,124,57,0829,0739,0,0,,40,0,0,0,16
2015,1,1,4,OO,6573,N468CA,MRY,PHX,0615,0610,8,96,79,0837,0901,0,0,,,,,,
2015,1,1,4,OO,6616,N897SK,FAT,PHX,0615,0614,28,111,78,0900,0855,0,0,,,,,,
2015,1,1,4,NK,612,N635NK,MSP,ORD,0616,0618,10,68,49,0717,0745,0,0,,,,,,
2015,1,1,4,NK,940,N508NK,DFW,ORD,0616,0619,12,119,96,0807,0835,0,0,,,,,,
2015,1,1,4,OO,6368,N874AS,BIS,DEN,0617,0613,18,115,77,0648,0717,0,0,,,,,,
2015,1,1,4,HA,101,N492HA,ITO,HNL,0618,0617,7,51,39,0703,0707,0,0,,,,,,
2015,1,1,4,B6,762,N775JB,PBI,LGA,0619,0631,11,157,141,0903,0857,0,0,,,,,,
2015,1,1,4,OO,5249,N118SY,SAT,ORD,0619,0648,8,140,121,0857,0911,0,0,,,,,,
2015,1,1,4,UA,207,N446UA,FLL,IAH,0620,0614,17,172,150,0801,0811,0,0,,,,,,
2015,1,1,4,US,1931,N833AW,BUF,CLT,0620,0625,21,118,89,0815,0819,0,0,,,,,,
2015,1,1,4,UA,732,N824UA,SEA,ORD,0620,0613,13,215,195,1141,1216,0,0,,,,,,
2015,1,1,4,WN,698,N422WN,CMH,FLL,0620,0623,20,158,135,0858,0910,0,0,,,,,,
2015,1,1,4,WN,799,N7736A,LAS,HOU,0620,0618,11,170,155,1104,1110,0,0,,,,,,
2015,1,1,4,WN,687,N789SW,PVD,MCO,0620,0631,7,175,161,0919,0930,0,0,,,,,,
2015,1,1,4,WN,823,N7707C,SAN,BWI,0620,0620,18,272,248,1346,1415,0,0,,,,,,
2015,1,1,4,WN,603,N461WN,SAN,MDW,0620,0617,17,224,200,1154,1230,0,0,,,,,,
2015,1,1,4,WN,885,N276WN,SMF,PHX,0620,0615,19,115,89,0903,0920,0,0,,,,,,
2015,1,1,4,UA,1192,N69804,SAN,DEN,0620,0618,18,138,110,0926,0945,0,0,,,,,,
2015,1,1,4,UA,1568,N24212,SAN,EWR,0620,0615,18,283,253,1346,1440,0,0,,,,,,
2015,1,1,4,US,460,N640AW,SJC,PHX,0620,0614,20,110,85,0859,0913,0,0,,,,,,
2015,1,1,4,AA,269,N557AA,SJC,DFW,0620,,,,,,1155,0,1,B,,,,,
2015,1,1,4,AA,1186,N5CPAA,DFW,BOS,0620,0614,36,206,165,1035,1045,0,0,,,,,,
2015,1,1,4,AA,1390,N496AA,SAN,DFW,0620,0612,27,169,138,1057,1125,0,0,,,,,,
2015,1,1,4,AA,2420,N3ERAA,LAX,DFW,0620,0619,15,180,149,1103,1120,0,0,,,,,,
2015,1,1,4,AS,545,N519AS,ONT,SEA,0620,0613,12,157,135,0840,0900,0,0,,,,,,
2015,1,1,4,AA,955,N3AAAA,RDU,MIA,0620,0612,48,148,96,0836,0830,0,0,,,,,,
2015,1,1,4,DL,2129,N911DA,ROC,ATL,0620,0623,25,138,108,0836,0851,0,0,,,,,,
2015,1,1,4,DL,1518,N591NW,MCO,ATL,0620,0613,22,89,61,0736,0751,0,0,,,,,,
2015,1,1,4,DL,1588,N327NB,DCA,MSP,0620,0619,13,172,155,0807,0805,0,0,,,,,,
2015,1,1,4,EV,4468,N14125,CAE,IAH,0620,0621,25,184,154,0820,0801,0,0,,23,0,1,0,0
2015,1,1,4,EV,5534,N695CA,BTR,ATL,0620,0620,10,74,59,0829,0848,0,0,,,,,,
2015,1,1,4,F9,1338,N906FR,IAD,MSP,0620,0609,12,161,142,0743,0805,0,0,,,,,,
2015,1,1,4,MQ,3205,N680MQ,SAV,DFW,0620,,,,,,0825,0,1,B,,,,,
2015,1,1,4,MQ,3173,N614MQ,GRI,DFW,0620,,,,,,0820,0,1,B,,,,,
2015,1,1,4,NK,470,N534NK,PDX,SAN,0620,0616,12,132,115,0823,0840,0,0,,,,,,
2015,1,1,4,NK,742,N632NK,DFW,MSP,0620,0625,15,129,111,0831,0839,0,0,,,,,,
2015,1,1,4,OO,4762,N935SW,PSP,SLC,0620,0630,16,105,84,0910,0906,0,0,,,,,,
2015,1,1,4,OO,4716,N8903A,ISN,MSP,0620,0617,33,113,74,0804,0817,0,0,,,,,,
2015,1,1,4,OO,5616,N961SW,HLN,DEN,0620,0620,28,121,79,0807,0818,0,0,,,,,,
2015,1,1,4,UA,1026,N39423,MCO,IAH,0621,0637,13,157,137,0807,0754,0,0,,4,0,16,0,0
2015,1,1,4,B6,1481,N318JB,BOS,RIC,0621,0616,14,107,88,0758,0814,0,0,,,,,,
2015,1,1,4,F9,344,N932FR,BZN,DEN,0622,0613,10,90,70,0733,0755,0,0,,,,,,
2015,1,1,4,OO,4624,N822SK,FAT,SLC,0622,0620,35,122,83,0918,0910,0,0,,,,,,
2015,1,1,4,OO,6372,N742SK,FSD,DEN,0622,0626,21,104,73,0700,0712,0,0,,,,,,
2015,1,1,4,NK,200,N530NK,IAH,ORD,0623,0620,15,140,115,0830,0855,0,0,,,,,,
2015,1,1,4,UA,206,N487UA,EWR,IAH,0624,0623,11,237,222,0916,0923,0,0,,,,,,
2015,1,1,4,DL,1515,N902DE,PIT,DTW,0624,0621,9,58,41,0711,0750,0,0,,,,,,
2015,1,1,4,US,1982,N152UW,FLL,CLT,0625,0616,11,116,95,0802,0822,0,0,,,,,,
2015,1,1,4,UA,525,N471UA,MIA,EWR,0625,0624,17,185,150,0911,0926,0,0,,,,,,
2015,1,1,4,WN,871,N7814B,DEN,ATL,0625,0625,10,156,137,1052,1120,0,0,,,,,,
2015,1,1,4,WN,343,N8649A,MDW,PHX,0625,0625,22,251,224,0931,0925,0,0,,,,,,
2015,1,1,4,US,598,N561UW,LAX,PHL,0625,0624,16,283,258,1358,1424,0,0,,,,,,
2015,1,1,4,AA,127,N3GHAA,IAD,DFW,0625,0622,14,230,200,0856,0855,0,0,,17,0,0,0,0
2015,1,1,4,AA,387,N4XXAA,LAX,AUS,0625,,,,,,1120,0,1,A,,,,,
2015,1,1,4,AA,1079,N3KKAA,CLT,DFW,0625,0620,27,187,149,0816,0820,0,0,,,,,,
2015,1,1,4,AA,1207,N3DPAA,PHL,DFW,0625,0909,21,238,206,1156,0920,0,0,,3,0,164,0,0
2015,1,1,4,AA,1343,N3GLAA,DFW,CLT,0625,0618,18,129,107,0923,0945,0,0,,,,,,
2015,1,1,4,AA,1635,N025AA,ATL,DFW,0625,,,,,,0755,0,1,B,,,,,
2015,1,1,4,AA,2379,N3KPAA,RDU,DFW,0625,0618,27,207,166,0831,0840,0,0,,,,,,
2015,1,1,4,AA,2272,N514AA,SAT,DFW,0625,0619,9,54,40,0708,0735,0,0,,,,,,
2015,1,1,4,AS,124,N593AS,FAI,SEA,0625,0614,29,220,188,1051,1050,0,0,,,,,,
2015,1,1,4,B6,70,N228JB,FLL,BOS,0625,0624,13,186,169,0926,0925,0,0,,,,,,
2015,1,1,4,B6,966,N580JB,RSW,BOS,0625,0628,9,178,163,0920,0923,0,0,,,,,,
2015,1,1,4,DL,891,N924DN,MIA,ATL,0625,0621,16,105,84,0801,0825,0,0,,,,,,
2015,1,1,4,DL,2234,N970DL,BWI,MSP,0625,0709,10,163,149,0848,0816,0,0,,0,0,36,0,0
2015,1,1,4,DL,2480,N979AT,MDT,ATL,0625,0619,15,117,97,0811,0851,0,0,,,,,,
2015,1,1,4,B6,2180,N368JB,EWR,BOS,0625,0619,16,63,40,0715,0733,0,0,,,,,,
2015,1,1,4,EV,5221,N921EV,SCE,DTW,0625,0610,10,77,60,0720,0752,0,0,,,,,,
2015,1,1,4,F9,308,N935FR,GEG,DEN,0625,0618,18,133,108,0924,0937,0,0,,,,,,
2015,1,1,4,MQ,3609,N836MQ,LEX,DFW,0625,,,,,,0805,0,1,B,,,,,
2015,1,1,4,MQ,3634,N606MQ,VPS,DFW,0625,,,,,,0840,0,1,B,,,,,
2015,1,1,4,NK,969,N516NK,BWI,ORD,0625,0619,12,139,116,0727,0734,0,0,,,,,,
2015,1,1,4,OO,6557,N889AS,SBA,PHX,0625,0622,25,105,68,0855,0855,0,0,,,,,,
2015,1,1,4,OO,6564,N896SK,SBP,PHX,0625,0617,19,98,73,0849,0906,0,0,,,,,,
2015,1,1,4,EV,4418,N14153,PNS,IAH,0626,0620,10,108,89,0759,0812,0,0,,,,,,
2015,1,1,4,OO,6230,N727SK,COS,DEN,0626,0620,19,50,22,0701,0719,0,0,,,,,,
2015,1,1,4,EV,3272,N23139,CLE,ORD,0627,0623,15,81,60,0638,0654,0,0,,,,,,
2015,1,1,4,HA,104,N477HA,LIH,HNL,0628,0621,6,30,18,0645,0700,0,0,,,,,,
2015,1,1,4,OO,7396,N675BR,TWF,SLC,0628,0627,21,54,30,0718,0720,0,0,,,,,,
2015,1,1,4,DL,1592,N723TW,SAN,ATL,0629,0628,16,223,202,1306,1330,0,0,,,,,,
2015,1,1,4,UA,195,N69818,BDL,ORD,0630,0641,12,153,137,0810,0809,0,0,,,,,,
2015,1,1,4,US,649,N912UY,LAX,PHX,0630,0625,17,88,53,0835,0849,0,0,,,,,,
2015,1,1,4,US,674,N831AW,EWR,PHX,0630,0630,21,363,339,1030,1011,0,0,,22,0,0,0,0
2015,1,1,4,US,835,N293AY,PHL,CLT,0630,0630,13,102,81,0804,0814,0,0,,,,,,
2015,1,1,4,UA,572,N404UA,AUS,IAH,0630,0658,18,53,30,0746,0731,0,0,,0,0,20,0,0
2015,1,1,4,UA,577,N458UA,SFO,EWR,0630,0746,15,308,286,1547,1459,0,0,,0,0,55,0,0
2015,1,1,4,OO,5628,N507CA,RNO,SFO,0630,0619,33,78,41,0733,0743,0,0,,,,,,
2015,1,1,4,WN,4570,N8611F,SEA,MDW,0630,0634,10,227,212,1216,1230,0,0,,,,,,
2015,1,1,4,WN,660,N275WN,SJU,TPA,0630,0629,16,194,173,0838,0840,0,0,,,,,,
2015,1,1,4,UA,1231,N17229,HNL,LAX,0630,0632,17,321,289,1338,1408,0,0,,,,,,
2015,1,1,4,US,401,N732US,CLT,PHL,0630,0623,27,99,68,0758,0803,0,0,,,,,,
2015,1,1,4,US,433,N601AW,JFK,PHX,0630,0628,17,355,334,1019,1018,0,0,,,,,,
2015,1,1,4,US,567,N524UW,SAN,PHX,0630,0623,17,97,48,0828,0853,0,0,,,,,,
2015,1,1,4,US,595,N519UW,ONT,PHX,0630,0914,14,66,48,1116,0844,0,0,,0,0,0,0,156
2015,1,1,4,AA,148,N3EJAA,MIA,CLT,0630,0624,15,120,96,0815,0835,0,0,,,,,,
2015,1,1,4,AA,330,N3EWAA,PBI,ORD,0630,0626,12,202,171,0829,0840,0,0,,,,,,
2015,1,1,4,AA,1381,N492AA,EWR,DFW,0630,0627,17,258,232,0936,0935,0,0,,,,,,
2015,1,1,4,AS,157,N762AS,ANC,OTZ,0630,0622,17,100,78,0757,0812,0,0,,,,,,
2015,1,1,4,AS,499,N551AS,SAN,SEA,0630,0627,16,174,145,0908,0930,0,0,,,,,,
2015,1,1,4,AS,573,N467AS,SAN,PDX,0630,0624,17,158,136,0857,0910,0,0,,,,,,
2015,1,1,4,B6,23,N937JB,JFK,LAX,0630,0627,16,384,358,0941,0947,0,0,,,,,,
2015,1,1,4,B6,1099,N508JB,LGA,MCO,0630,0629,13,152,136,0858,0931,0,0,,,,,,
2015,1,1,4,B6,929,N526JB,JFK,RSW,0630,0628,14,180,162,0924,0945,0,0,,,,,,
2015,1,1,4,B6,1285,N184JB,BOS,PIT,0630,0649,10,101,87,0826,0828,0,0,,,,,,
2015,1,1,4,DL,418,N706TW,SFO,JFK,0630,0628,15,307,284,1427,1455,0,0,,,,,,
2015,1,1,4,DL,783,N962DN,MSP,ATL,0630,0626,26,146,112,0944,1008,0,0,,,,,,
2015,1,1,4,DL,1984,N946DN,AUS,ATL,0630,0625,13,110,93,0911,0937,0,0,,,,,,
2015,1,1,4,DL,2114,N397DA,COS,ATL,0630,0632,30,166,131,1113,1125,0,0,,,,,,
2015,1,1,4,DL,2283,N695DL,DTW,ATL,0630,0628,12,106,88,0808,0845,0,0,,,,,,
2015,1,1,4,DL,2370,N339NB,MSY,LGA,0630,0624,13,171,137,0954,1018,0,0,,,,,,
2015,1,1,4,DL,1598,N669DN,SEA,ATL,0630,0631,29,287,245,1405,1405,0,0,,,,,,
2015,1,1,4,DL,1809,N970AT,EWR,ATL,0630,0629,12,130,114,0835,0917,0,0,,,,,,
2015,1,1,4,DL,1872,N6705Y,TPA,ATL,0630,0629,9,74,61,0739,0758,0,0,,,,,,
2015,1,1,4,EV,2549,N909EV,BPT,DFW,0630,0630,13,71,46,0729,0740,0,0,,,,,,
2015,1,1,4,EV,3261,N13123,RIC,IAD,0630,0629,9,51,28,0706,0727,0,0,,,,,,
2015,1,1,4,EV,3929,N13118,EWR,JAX,0630,0630,20,146,120,0850,0909,0,0,,,,,,
2015,1,1,4,EV,4306,N13970,GPT,IAH,0630,0623,9,89,72,0744,0757,0,0,,,,,,
2015,1,1,4,F9,295,N202FR,TPA,DEN,0630,0750,13,234,214,0937,0835,0,0,,0,0,69,0,0
2015,1,1,4,F9,711,N203FR,RSW,DEN,0630,0647,11,246,229,0847,0844,0,0,,,,,,
2015,1,1,4,F9,1246,N912FR,DEN,DFW,0630,0634,10,123,96,0920,0920,0,0,,13,0,0,0,4
2015,1,1,4,F9,1108,N947FR,CLE,MCO,0630,0628,11,136,115,0834,0850,0,0,,,,,,
2015,1,1,4,MQ,2913,N600MQ,GPT,DFW,0630,,,,,,0825,0,1,B,,,,,
2015,1,1,4,MQ,3649,N935MQ,MGM,DFW,0630,,,,,,0845,0,1,B,,,,,
2015,1,1,4,OO,2604,N693BR,SAN,LAX,0630,0620,17,49,25,0702,0725,0,0,,,,,,
2015,1,1,4,NK,379,N503NK,ACY,MYR,0630,0621,36,114,73,0810,0805,0,0,,,,,,
2015,1,1,4,OO,5381,N937SW,STC,ORD,0630,0623,37,100,52,0752,0756,0,0,,,,,,
2015,1,1,4,OO,4553,N820SK,BOI,LAX,0630,0624,30,127,90,0724,0740,0,0,,,,,,
2015,1,1,4,OO,5186,N471CA,SFO,SAN,0630,0637,14,81,64,0755,0802,0,0,,,,,,
2015,1,1,4,OO,5581,N755SK,MSP,LAX,0630,0630,18,252,217,0825,0830,0,0,,,,,,
2015,1,1,4,OO,6588,N885AS,BFL,PHX,0630,0630,15,92,71,0856,0903,0,0,,,,,,
2015,1,1,4,UA,1534,N75432,TPA,ORD,0631,0629,12,165,144,0805,0819,0,0,,,,,,
2015,1,1,4,EV,5764,N832AS,ORD,IAD,0632,0627,14,100,77,0858,0924,0,0,,,,,,
2015,1,1,4,HA,114,N493HA,HNL,OGG,0632,0627,9,35,20,0656,0708,0,0,,,,,,
2015,1,1,4,B6,675,N294JB,JFK,MSY,0633,0625,23,221,194,0902,0904,0,0,,,,,,
2015,1,1,4,OO,5297,N908SW,MKE,ORD,0633,0623,12,39,21,0656,0727,0,0,,,,,,
2015,1,1,4,UA,410,N403UA,MIA,ORD,0635,0633,36,221,174,0903,0855,0,0,,19,0,0,0,0
2015,1,1,4,US,700,N675AW,SEA,PHL,0635,0627,12,286,263,1402,1436,0,0,,,,,,
2015,1,1,4,WN,1926,N7745A,SAT,ATL,0635,0634,10,126,103,0927,0950,0,0,,,,,,
2015,1,1,4,WN,1119,N965WN,PDX,MDW,0635,0632,9,232,218,1219,1230,0,0,,,,,,
2015,1,1,4,US,474,N604AW,LAS,PHX,0635,0628,12,65,46,0826,0846,0,0,,,,,,
2015,1,1,4,AA,129,N4WPAA,JAX,DFW,0635,0648,13,165,141,0822,0825,0,0,,,,,,
2015,1,1,4,AA,1349,N4XJAA,MSY,DFW,0635,,,,,,0815,0,1,B,,,,,
2015,1,1,4,AA,1543,N486AA,PIT,DFW,0635,0627,12,181,162,0821,0855,0,0,,,,,,
2015,1,1,4,AA,2220,N586AA,COS,DFW,0635,0623,25,123,88,0916,0935,0,0,,,,,,
2015,1,1,4,AS,240,N569AS,SEA,SAN,0635,0629,24,161,133,0906,0918,0,0,,,,,,
2015,1,1,4,AS,576,N323AS,PDX,SAN,0635,0628,14,134,117,0839,0854,0,0,,,,,,
2015,1,1,4,AS,724,N612AS,SEA,SLC,0635,0625,24,121,93,0922,0936,0,0,,,,,,
2015,1,1,4,B6,475,N599JB,PVD,MCO,0635,0629,37,204,155,0941,0945,0,0,,,,,,
2015,1,1,4,B6,1467,N216JB,HPN,PBI,0635,0624,9,161,146,0859,0931,0,0,,,,,,
2015,1,1,4,AA,1441,N3GYAA,JFK,LAS,0635,0656,24,374,342,1002,0925,0,0,,24,0,21,0,0
2015,1,1,4,DL,2005,N990DL,MLB,ATL,0635,0632,10,81,65,0747,0810,0,0,,,,,,
2015,1,1,4,DL,2290,N963DN,PIT,ATL,0635,0633,11,90,74,0758,0844,0,0,,,,,,
2015,1,1,4,DL,1864,N360NW,SAN,MSP,0635,0632,17,217,190,1159,1219,0,0,,,,,,
2015,1,1,4,EV,5579,N136EV,ABE,ATL,0635,0628,13,126,110,0831,0854,0,0,,,,,,
2015,1,1,4,MQ,3443,N635MQ,SPI,DFW,0635,,,,,,0850,0,1,B,,,,,
2015,1,1,4,OO,4758,N440SW,PLN,DTW,0635,0626,37,87,41,0744,0754,0,0,,,,,,
2015,1,1,4,OO,3460,N219AG,PDX,ONT,0635,0635,12,121,105,0832,0849,0,0,,,,,,
2015,1,1,4,UA,665,N401UA,RSW,EWR,0638,0632,10,163,144,0906,0930,0,0,,,,,,
2015,1,1,4,DL,1056,N922DX,SJC,MSP,0639,0634,14,234,214,1222,1230,0,0,,,,,,
2015,1,1,4,OO,4577,N455SW,CIU,DTW,0640,0637,19,70,45,0741,0804,0,0,,,,,,
2015,1,1,4,US,1718,N939UW,MCO,CLT,0640,0637,10,91,71,0758,0816,0,0,,,,,,
2015,1,1,4,US,1943,N508AY,BWI,CLT,0640,0637,22,95,67,0806,0814,0,0,,,,,,
2015,1,1,4,US,1946,N915US,EWR,CLT,0640,0648,11,104,88,0827,0841,0,0,,,,,,
2015,1,1,4,WN,795,N968WN,AUS,ATL,0640,0637,12,114,96,0925,0950,0,0,,,,,,
2015,1,1,4,WN,692,N221WN,CAK,MCO,0640,0636,9,138,122,0847,0910,0,0,,,,,,
2015,1,1,4,WN,1170,N902WN,FLL,LAS,0640,0639,10,316,303,0852,0910,0,0,,,,,,
2015,1,1,4,WN,653,N934WN,MKE,LAS,0640,0635,11,238,221,0827,0845,0,0,,,,,,
2015,1,1,4,WN,890,N717SA,PHX,MDW,0640,0633,21,186,160,1034,1055,0,0,,,,,,
2015,1,1,4,WN,832,N8616C,SJC,LAS,0640,0640,10,80,63,0753,0805,0,0,,,,,,
2015,1,1,4,UA,1284,N11206,LAS,EWR,0640,0639,10,253,234,1343,1429,0,0,,,,,,
2015,1,1,4,UA,1748,N16703,ORD,EWR,0640,0643,12,124,82,0917,0945,0,0,,,,,,
2015,1,1,4,AA,1305,N456AA,DSM,DFW,0640,0633,32,144,105,0850,0900,0,0,,,,,,
2015,1,1,4,AA,1285,N576AA,IAH,DFW,0640,,,,,,0750,0,1,B,,,,,
2015,1,1,4,AA,1562,N475AA,RIC,DFW,0640,0636,17,217,188,0901,0920,0,0,,,,,,
2015,1,1,4,AS,548,N306AS,BLI,SEA,0640,0632,26,59,26,0724,0717,0,0,,,,,,
2015,1,1,4,AS,558,N307AS,PDX,LAX,0640,0643,10,136,110,0843,0904,0,0,,,,,,
2015,1,1,4,AS,560,N435AS,SEA,PSP,0640,0636,12,140,124,0852,0912,0,0,,,,,,
2015,1,1,4,AS,569,N471AS,LAX,PDX,0640,0639,16,144,124,0859,0910,0,0,,,,,,
2015,1,1,4,AS,662,N302AS,SEA,DFW,0640,0633,18,239,211,1222,1222,0,0,,,,,,
2015,1,1,4,AS,709,N769AS,SLC,SJC,0640,0747,28,106,75,0830,0743,0,0,,0,0,0,0,50
2015,1,1,4,AA,2476,N3LEAA,BDL,MIA,0640,0634,13,232,164,0931,1006,0,0,,20,0,0,0,0
2015,1,1,4,DL,1332,N540US,RSW,ATL,0640,0640,14,100,81,0815,0828,0,0,,,,,,
2015,1,1,4,DL,2135,N990AT,TPA,LGA,0640,0634,12,149,128,0854,0914,0,0,,,,,,
2015,1,1,4,DL,2276,N909DE,MCO,LGA,0640,0638,14,148,125,0857,0913,0,0,,,,,,
2015,1,1,4,DL,2566,N913DN,SFO,MSP,0640,0636,13,227,206,1215,1228,0,0,,,,,,
2015,1,1,4,EV,2506,N904EV,CRP,DFW,0640,0638,14,71,52,0744,0800,0,0,,,,,,
2015,1,1,4,EV,2555,N830AS,SHV,DFW,0640,0656,15,63,42,0753,0745,0,0,,,,,,
2015,1,1,4,EV,2561,N877AS,BTR,DFW,0640,0639,15,94,64,0758,0805,0,0,,,,,,
2015,1,1,4,EV,2537,N902EV,MLU,DFW,0640,0643,11,67,52,0746,0800,0,0,,,,,,
2015,1,1,4,MQ,2775,N613MQ,PIA,DFW,0640,,,,,,0905,0,1,B,,,,,
2015,1,1,4,MQ,2966,N855MQ,ROW,DFW,0640,,,,,,0905,0,1,B,,,,,
2015,1,1,4,MQ,3359,N905MQ,FWA,DFW,0640,,,,,,0830,0,1,B,,,,,
2015,1,1,4,MQ,3476,N653MQ,CHS,MIA,0640,0634,36,117,74,0824,0820,0,0,,,,,,
2015,1,1,4,MQ,3589,N692MQ,GSO,MIA,0640,0637,36,138,99,0852,0856,0,0,,,,,,
2015,1,1,4,NK,705,N588NK,LGA,FLL,0640,0828,19,175,147,1114,0946,0,0,,97,0,0,0,0
2015,1,1,4,NK,567,N504NK,DTW,ATL,0640,0638,10,105,85,0813,0834,0,0,,,,,,
2015,1,1,4,NK,417,N587NK,DTW,FLL,0640,0643,11,167,150,0924,0946,0,0,,,,,,
2015,1,1,4,OO,3456,N217AG,PDX,BUR,0640,0638,22,129,104,0844,0850,0,0,,,,,,
2015,1,1,4,OO,5492,N703SK,MSN,ORD,0640,0643,31,71,28,0742,0737,0,0,,14,0,3,0,0
2015,1,1,4,OO,6495,N932EV,COS,LAX,0640,0634,30,151,115,0759,0825,0,0,,,,,,
2015,1,1,4,OO,5291,N564SW,GCC,DEN,0642,0642,16,91,66,0804,0829,0,0,,,,,,
2015,1,1,4,UA,536,N852UA,LAX,IAH,0644,0636,12,183,164,1132,1201,0,0,,,,,,
2015,1,1,4,UA,259,N427UA,SNA,IAH,0645,0653,16,177,156,1145,1205,0,0,,,,,,
2015,1,1,4,UA,792,N802UA,BUF,ORD,0645,0718,23,110,85,0806,0731,0,0,,4,0,33,0,0
2015,1,1,4,VX,922,N361VA,SFO,LAX,0645,0638,9,71,54,0741,0805,0,0,,,,,,
2015,1,1,4,WN,3213,N8612K,DAL,MDW,0645,0649,8,110,95,0832,0905,0,0,,,,,,
2015,1,1,4,WN,2599,N912WN,LIT,DAL,0645,0648,9,70,56,0753,0800,0,0,,,,,,
2015,1,1,4,WN,2199,N400WN,MHT,MCO,0645,0645,9,187,171,0945,1010,0,0,,,,,,
2015,1,1,4,WN,3739,N780SW,ALB,MCO,0645,0644,9,167,153,0926,1000,0,0,,,,,,
2015,1,1,4,WN,1188,N783SW,SAT,BWI,0645,0642,6,163,153,1021,1050,0,0,,,,,,
2015,1,1,4,WN,4563,N642WN,OKC,ATL,0645,0641,35,131,90,0946,0950,0,0,,,,,,
2015,1,1,4,US,593,N163US,SNA,PHX,0645,0645,15,74,50,0850,0911,0,0,,,,,,
2015,1,1,4,AA,323,N520AA,DFW,STL,0645,,,,,,0820,0,1,B,,,,,
2015,1,1,4,AA,1107,N3ADAA,LGA,DFW,0645,0641,16,256,229,0946,1000,0,0,,,,,,
2015,1,1,4,AA,1234,N3MCAA,LAS,ORD,0645,0641,12,196,175,1148,1215,0,0,,,,,,
2015,1,1,4,AA,1283,N3CRAA,BNA,MIA,0645,0641,21,132,104,0946,1005,0,0,,,,,,
2015,1,1,4,AA,1287,N3BBAA,MSP,MIA,0645,0714,26,212,179,1139,1130,0,0,,0,0,16,0,0
2015,1,1,4,AA,1300,N3FRAA,SNA,DFW,0645,0645,22,171,143,1130,1150,0,0,,,,,,
2015,1,1,4,AA,2326,N3KEAA,MIA,DCA,0645,0718,16,148,127,0941,0915,0,0,,0,0,0,31,0
2015,1,1,4,B6,318,N183JB,JFK,BOS,0645,0638,23,66,38,0739,0756,0,0,,,,,,
2015,1,1,4,B6,1137,N374JB,BOS,DTW,0645,0642,15,136,112,0849,0910,0,0,,,,,,
2015,1,1,4,DL,716,N944DL,OMA,ATL,0645,0637,27,,,1447,1009,1,0,,,,,,
2015,1,1,4,DL,765,N329NB,PIT,MSP,0645,0642,11,134,114,0747,0819,0,0,,,,,,
2015,1,1,4,DL,801,N633DL,SNA,ATL,0645,0641,23,239,207,1331,1401,0,0,,,,,,
2015,1,1,4,DL,827,N678DL,FLL,ATL,0645,0639,13,101,81,0813,0839,0,0,,,,,,
2015,1,1,4,DL,860,N324NB,SNA,MSP,0645,0642,23,220,188,1213,1230,0,0,,,,,,
2015,1,1,4,DL,886,N918DL,ATL,LGA,0645,0644,31,137,97,0852,0853,0,0,,,,,,
2015,1,1,4,DL,1135,N309DE,BHM,ATL,0645,0644,9,44,30,0823,0854,0,0,,,,,,
2015,1,1,4,DL,1324,N908DE,BNA,ATL,0645,0642,15,57,36,0833,0859,0,0,,,,,,
2015,1,1,4,AA,1449,N3KDAA,FLL,DFW,0645,,,,,,0900,0,1,B,,,,,
2015,1,1,4,DL,246,N391DA,SAN,JFK,0645,0642,15,286,264,1421,1459,0,0,,,,,,
2015,1,1,4,AA,2395,N469AA,BHM,DFW,0645,0644,12,131,103,0839,0900,0,0,,,,,,
2015,1,1,4,EV,4438,N26141,HOB,IAH,0645,,,,,,0922,0,1,B,,,,,
2015,1,1,4,EV,6042,N21144,LNK,DEN,0645,0717,20,95,69,0746,0724,0,0,,0,0,0,0,28
2015,1,1,4,F9,110,N206FR,DEN,MSP,0645,0711,9,105,88,0948,0940,0,0,,0,0,16,0,0
2015,1,1,4,F9,782,N219FR,LAS,DEN,0645,0642,18,120,90,0930,0934,0,0,,,,,,
2015,1,1,4,F9,268,N921FR,SNA,DEN,0645,0638,23,144,114,0955,1010,0,0,,,,,,
2015,1,1,4,MQ,2965,N637MQ,SGF,DFW,0645,,,,,,0820,0,1,B,,,,,
2015,1,1,4,MQ,3009,N651MQ,CMI,DFW,0645,0642,12,139,117,0851,0910,0,0,,,,,,
2015,1,1,4,MQ,3431,N820MQ,COU,DFW,0645,,,,,,0845,0,1,B,,,,,
2015,1,1,4,NK,301,N626NK,BWI,FLL,0645,0649,11,142,125,0905,0922,0,0,,,,,,
2015,1,1,4,NK,725,N525NK,MCI,IAH,0645,0637,10,126,108,0835,0835,0,0,,,,,,
2015,1,1,4,OO,6262,N953SW,GTF,DEN,0645,0636,12,115,87,0815,0842,0,0,,,,,,
2015,1,1,4,OO,4811,N443SW,BNA,CVG,0645,0637,16,66,45,0838,0857,0,0,,,,,,
2015,1,1,4,OO,6502,N785SK,SNA,SFO,0645,0657,16,82,63,0816,0820,0,0,,,,,,
2015,1,1,4,OO,6523,N754SK,PHX,LAX,0645,0701,17,82,61,0719,0721,0,0,,,,,,
2015,1,1,4,OO,4974,N792SK,ATL,IAH,0646,0642,16,147,121,0759,0802,0,0,,,,,,
2015,1,1,4,OO,7385,N301YV,EKO,SLC,0646,0636,20,81,55,0851,0850,0,0,,,,,,
2015,1,1,4,B6,1208,N273JB,IAD,JFK,0647,0641,25,80,49,0755,0800,0,0,,,,,,
2015,1,1,4,HA,338,N481HA,HNL,KOA,0647,0639,11,44,27,0717,0729,0,0,,,,,,
2015,1,1,4,OO,6291,N706SK,FAT,SFO,0648,0645,30,63,28,0743,0755,0,0,,,,,,
2015,1,1,4,DL,1212,N582NW,LAX,MSP,0649,0647,14,211,193,1214,1227,0,0,,,,,,
2015,1,1,4,UA,284,N832UA,PHX,SFO,0650,0751,27,121,89,0847,0804,0,0,,0,0,0,0,48
2015,1,1,4,US,1866,N626AW,PIT,CLT,0650,0653,11,87,68,0812,0829,0,0,,,,,,
2015,1,1,4,US,2071,N553UW,MSP,CLT,0650,0647,23,150,111,1001,1030,0,0,,,,,,
2015,1,1,4,WN,985,N8315C,BWI,MCO,0650,0643,10,133,115,0848,0930,0,0,,,,,,
2015,1,1,4,WN,739,N927WN,MSY,ATL,0650,0647,6,72,60,0853,0915,0,0,,,,,,
2015,1,1,4,WN,2964,N481WN,PHX,DAL,0650,0654,16,130,111,1001,1000,0,0,,,,,,
2015,1,1,4,UA,1291,N33209,FLL,ORD,0650,0645,14,207,175,0854,0912,0,0,,,,,,
2015,1,1,4,US,408,N521UW,PHL,PHX,0650,0640,19,351,327,1026,1015,0,0,,16,0,0,0,0
2015,1,1,4,AA,338,N3DJAA,LAX,SFO,0650,0644,21,79,55,0800,0810,0,0,,,,,,
2015,1,1,4,AA,1371,N477AA,MEM,DFW,0650,0641,14,101,78,0813,0835,0,0,,,,,,
2015,1,1,4,AA,1318,N5CDAA,BOS,DFW,0650,0645,21,287,256,1022,1030,0,0,,,,,,
2015,1,1,4,AA,1595,N553AA,AUS,DFW,0650,0647,14,53,33,0734,0755,0,0,,,,,,
2015,1,1,4,AA,2226,N426AA,DFW,TPA,0650,0800,17,135,114,1111,1005,0,0,,0,0,70,0,0
2015,1,1,4,AA,2429,N4XPAA,CLE,DFW,0650,0653,9,177,159,0841,0905,0,0,,,,,,
2015,1,1,4,AA,2424,N3DLAA,LAX,DFW,0650,0641,18,188,146,1125,1150,0,0,,,,,,
2015,1,1,4,AS,321,N613AS,SJC,SEA,0650,0647,8,113,100,0835,0854,0,0,,,,,,
2015,1,1,4,AS,582,N611AS,PDX,SNA,0650,0649,9,130,117,0855,0909,0,0,,,,,,
2015,1,1,4,AS,629,N626AS,LAS,PDX,0650,0637,14,131,114,0845,0906,0,0,,,,,,
2015,1,1,4,AS,805,N588AS,SEA,SMF,0650,0644,14,102,80,0818,0840,0,0,,,,,,
2015,1,1,4,B6,148,N659JB,LGB,OAK,0650,0648,12,75,59,0759,0812,0,0,,,,,,
2015,1,1,4,DL,476,N196DN,LAX,JFK,0650,0650,25,308,274,1449,1509,0,0,,,,,,
2015,1,1,4,DL,1085,N994AT,AVL,ATL,0650,0658,24,56,30,0752,0755,0,0,,,,,,
2015,1,1,4,DL,2512,N937AT,HSV,ATL,0650,0651,10,59,30,0831,0858,0,0,,,,,,
2015,1,1,4,EV,6175,N13124,BNA,ORD,0650,0644,29,111,73,0826,0840,0,0,,,,,,
2015,1,1,4,MQ,3082,N918MQ,SAF,DFW,0650,,,,,,0925,0,1,B,,,,,
2015,1,1,4,MQ,2973,N628MQ,GRR,DFW,0650,,,,,,0905,0,1,B,,,,,
2015,1,1,4,MQ,3294,N509MQ,XNA,ORD,0650,0700,12,90,70,0822,0840,0,0,,,,,,
2015,1,1,4,MQ,3268,N694MQ,SUX,ORD,0650,0646,32,99,61,0819,0830,0,0,,,,,,
2015,1,1,4,MQ,3419,N939MQ,LFT,DFW,0650,,,,,,0815,0,1,B,,,,,
2015,1,1,4,NK,729,N629NK,ORD,TPA,0650,0724,9,143,127,1040,1033,0,0,,,,,,
2015,1,1,4,OO,5536,N779SK,PSP,IAH,0650,0801,10,162,147,1238,1148,0,0,,0,0,0,0,55
2015,1,1,4,OO,5428,N679SA,HYS,DEN,0650,0650,23,85,53,0706,0704,0,0,,,,,,
2015,1,1,4,UA,464,N434UA,BOS,EWR,0651,0652,13,69,45,0750,0817,0,0,,,,,,
2015,1,1,4,HA,332,N483HA,HNL,ITO,0651,0738,17,56,33,0828,0741,0,0,,0,0,53,0,0
2015,1,1,4,AA,1101,N5ENAA,JFK,MIA,0652,0649,29,194,153,0951,1010,0,0,,,,,,
2015,1,1,4,NK,111,N522NK,DTW,LAS,0652,0714,11,277,262,0847,0825,0,0,,26,0,0,0,0
2015,1,1,4,UA,1077,N37462,EWR,MIA,0653,0649,11,167,152,0932,0951,0,0,,,,,,
2015,1,1,4,UA,1510,N37255,SAN,IAH,0653,0655,14,176,151,1140,1201,0,0,,,,,,
2015,1,1,4,UA,204,N810UA,DFW,IAH,0654,0653,15,69,43,0751,0803,0,0,,,,,,
2015,1,1,4,US,773,N701UW,RIC,CLT,0655,0645,17,74,54,0756,0812,0,0,,,,,,
2015,1,1,4,US,1960,N644AW,TPA,CLT,0655,0654,11,94,74,0819,0835,0,0,,,,,,
2015,1,1,4,UA,670,N457UA,TPA,EWR,0655,0654,13,155,133,0920,0930,0,0,,,,,,
2015,1,1,4,WN,707,N706SW,CAK,ATL,0655,0651,12,94,77,0820,0855,0,0,,,,,,
2015,1,1,4,WN,537,N799SW,MCO,ATL,0655,0651,12,95,63,0806,0830,0,0,,,,,,
2015,1,1,4,WN,897,N427WN,ABQ,DAL,0655,0655,24,108,81,0940,0940,0,0,,,,,,
2015,1,1,4,WN,753,N443WN,PVD,FLL,0655,0656,7,179,169,0952,1015,0,0,,,,,,
2015,1,1,4,WN,969,N268WN,PHL,FLL,0655,0651,9,150,137,0917,0945,0,0,,,,,,
2015,1,1,4,WN,4120,N247WN,PHL,LAS,0655,0653,14,339,321,0928,0940,0,0,,,,,,
2015,1,1,4,AA,299,N857AA,MIA,DEN,0655,0659,15,264,242,0916,0922,0,0,,,,,,
2015,1,1,4,AA,367,N494AA,TUL,DFW,0655,,,,,,0810,0,1,A,,,,,
2015,1,1,4,AA,222,N3JSAA,LAX,BOS,0655,0650,17,292,271,1438,1515,0,0,,,,,,
2015,1,1,4,AA,1104,N3LAAA,DFW,LGA,0655,0647,15,176,157,1039,1105,0,0,,,,,,
2015,1,1,4,AA,1373,N549AA,BWI,DFW,0655,0647,17,230,202,0926,0935,0,0,,,,,,
2015,1,1,4,AA,2401,N858AA,DFW,LAX,0655,,,,,,0820,0,1,B,,,,,
2015,1,1,4,B6,16,N934JB,SFO,JFK,0655,0652,10,316,299,1501,1517,0,0,,,,,,
2015,1,1,4,DL,1071,N932DN,MKE,MSP,0655,0653,27,82,52,0812,0825,0,0,,,,,,
2015,1,1,4,DL,2090,N698DL,PDX,MSP,0655,0652,12,194,174,1158,1218,0,0,,,,,,
2015,1,1,4,B6,2324,N206JB,MCO,DCA,0655,0651,14,120,103,0848,0859,0,0,,,,,,
2015,1,1,4,B6,2702,N571JB,JFK,BUF,0655,0645,18,82,62,0805,0829,0,0,,,,,,
2015,1,1,4,DL,1651,N954DN,MSP,LAS,0655,0652,13,180,160,0745,0833,0,0,,,,,,
2015,1,1,4,DL,1818,N555NW,ATL,MCO,0655,0654,14,81,59,0807,0822,0,0,,,,,,
2015,1,1,4,EV,3924,N14960,MFE,IAH,0655,0647,14,69,50,0751,0809,0,0,,,,,,
2015,1,1,4,F9,907,N926FR,TTN,RDU,0655,0719,9,72,59,0827,0828,0,0,,,,,,
2015,1,1,4,MQ,3063,N511MQ,ELP,ORD,0655,,,,,,1050,0,1,A,,,,,
2015,1,1,4,MQ,3110,N688MQ,HSV,ORD,0655,0657,12,109,87,0836,0905,0,0,,,,,,
2015,1,1,4,MQ,3188,N507MQ,ABQ,ORD,0655,0712,21,173,119,1032,1030,0,0,,18,0,17,0,0
2015,1,1,4,UA,821,N490UA,RDU,SFO,0657,0657,17,356,328,0942,0958,0,0,,,,,,
2015,1,1,4,UA,312,N833UA,EWR,LAX,0659,0656,15,384,340,0951,1025,0,0,,,,,,
2015,1,1,4,US,823,N128UW,DCA,CLT,0659,0655,12,78,63,0810,0828,0,0,,,,,,
2015,1,1,4,UA,1052,N69838,MCO,EWR,0659,0658,10,146,127,0915,0931,0,0,,,,,,
2015,1,1,4,AA,1553,N3JNAA,DCA,MIA,0659,0653,11,151,129,0913,0944,0,0,,,,,,
2015,1,1,4,B6,15,N944JB,JFK,SFO,0659,0659,16,380,350,1005,1043,0,0,,,,,,
2015,1,1,4,B6,453,N652JB,JFK,PBI,0659,0655,13,164,143,0931,1002,0,0,,,,,,
2015,1,1,4,DL,1547,N997DL,LGA,ATL,0659,0658,15,134,115,0908,0943,0,0,,,,,,
2015,1,1,4,OO,6618,N506CA,PSP,PHX,0659,0658,7,58,41,0846,0907,0,0,,,,,,
2015,1,1,4,OO,5366,N930EV,DVL,JMS,0700,,,,,,0738,0,1,B,,,,,
2015,1,1,4,UA,356,N432UA,ALB,ORD,0700,0710,11,150,130,0831,0839,0,0,,,,,,
2015,1,1,4,UA,392,N456UA,PDX,SFO,0700,0658,15,98,78,0831,0853,0,0,,,,,,
2015,1,1,4,UA,417,N429UA,EWR,TPA,0700,0659,9,163,149,0937,1001,0,0,,,,,,
2015,1,1,4,US,852,N715UW,JAX,CLT,0700,0655,14,72,53,0802,0827,0,0,,,,,,
2015,1,1,4,US,1722,N825AW,CLE,CLT,0700,0652,11,87,68,0811,0843,0,0,,,,,,
2015,1,1,4,US,1877,N826AW,CLT,MIA,0700,0654,23,118,91,0848,0859,0,0,,,,,,
2015,1,1,4,US,1961,N566UW,IAH,CLT,0700,0656,12,137,105,0953,1022,0,0,,,,,,
2015,1,1,4,US,1978,N827AW,IND,CLT,0700,0657,13,84,63,0813,0838,0,0,,,,,,
2015,1,1,4,US,2064,N538UW,DFW,CLT,0700,0655,35,155,112,1022,1028,0,0,,,,,,
2015,1,1,4,UA,463,N482UA,LGA,ORD,0700,0658,13,156,136,0827,0839,0,0,,,,,,
2015,1,1,4,UA,514,N411UA,BOS,IAH,0700,0656,15,261,236,1007,1033,0,0,,,,,,
2015,1,1,4,UA,521,N854UA,BOS,ORD,0700,0700,32,191,154,0906,0858,0,0,,,,,,
2015,1,1,4,UA,736,N522UA,SFO,EWR,0700,0659,21,315,286,1506,1526,0,0,,,,,,
2015,1,1,4,UA,795,N843UA,SNA,DEN,0700,0701,13,148,111,1005,1022,0,0,,,,,,
2015,1,1,4,UA,1027,N38424,SFO,IAH,0700,0658,12,217,199,1229,1252,0,0,,,,,,
2015,1,1,4,VX,399,N852VA,JFK,LAX,0700,0655,18,392,360,1013,1025,0,0,,,,,,
2015,1,1,4,VX,897,N845VA,LAS,SFO,0700,0659,13,80,61,0813,0825,0,0,,,,,,
2015,1,1,4,WN,473,N423WN,BUF,FLL,0700,0700,29,192,158,1007,1015,0,0,,,,,,
2015,1,1,4,WN,309,N657SW,BWI,HOU,0700,0658,9,211,198,0925,0940,0,0,,,,,,
2015,1,1,4,WN,369,N8312C,BWI,LAS,0700,0655,11,321,301,0907,0930,0,0,,,,,,
2015,1,1,4,WN,4635,N8305E,CLE,PHX,0700,0700,11,287,271,0942,0940,0,0,,,,,,
2015,1,1,4,WN,1019,N792SW,DCA,DAL,0700,0655,14,227,208,0937,0930,0,0,,,,,,
2015,1,1,4,WN,194,N939WN,ISP,FLL,0700,0704,15,179,159,0958,1005,0,0,,,,,,
2015,1,1,4,WN,2511,N7735A,MDW,DAL,0700,0703,9,143,129,0921,0930,0,0,,,,,,
2015,1,1,4,WN,767,N497WN,MDW,TPA,0700,0659,16,152,132,1027,1045,0,0,,,,,,
2015,1,1,4,WN,390,N283WN,MSP,MDW,0700,0656,10,76,58,0804,0835,0,0,,,,,,
2015,1,1,4,WN,443,N628SW,PIT,MCO,0700,0658,9,130,114,0901,0930,0,0,,,,,,
2015,1,1,4,WN,921,N962WN,SAT,BNA,0700,0655,10,109,94,0839,0900,0,0,,,,,,
2015,1,1,4,WN,2373,N237WN,HOU,MCO,0700,0700,11,124,103,0954,1010,0,0,,,,,,
2015,1,1,4,UA,1195,N57864,MCO,SFO,0700,1228,13,338,317,1458,1000,0,0,,0,0,0,306,0
2015,1,1,4,UA,1697,N14107,EWR,DEN,0700,0706,19,277,250,0935,0930,0,0,,,,,,
2015,1,1,4,US,424,N161UW,ORD,PHX,0700,0658,10,240,212,0940,1003,0,0,,,,,,
2015,1,1,4,US,461,N540UW,ATL,CLT,0700,0658,15,63,38,0751,0812,0,0,,,,,,
2015,1,1,4,US,568,N565UW,SLC,PHX,0700,0701,29,109,68,0838,0849,0,0,,,,,,
2015,1,1,4,US,590,N758US,BOI,PHX,0700,0659,30,131,97,0906,0908,0,0,,,,,,
2015,1,1,4,US,621,N185UW,DCA,PHX,0700,0701,15,324,306,1022,1020,0,0,,,,,,
2015,1,1,4,AA,9,N792AA,JFK,LAX,0700,0649,22,397,368,1019,1020,0,0,,,,,,
2015,1,1,4,AA,17,N019AA,ATL,MIA,0700,0656,15,106,82,0833,0852,0,0,,,,,,
2015,1,1,4,AA,118,N788AA,LAX,JFK,0700,0650,13,286,268,1431,1525,0,0,,,,,,
2015,1,1,4,AA,68,N5EGAA,SFO,MIA,0700,0703,14,317,295,1512,1524,0,0,,,,,,
2015,1,1,4,AA,201,N3LJAA,BOS,LAX,0700,0653,16,412,390,1039,1035,0,0,,,,,,
2015,1,1,4,AA,204,N5DXAA,MIA,LAS,0700,0657,20,337,308,0925,0928,0,0,,,,,,
2015,1,1,4,AA,309,N4YDAA,DFW,BNA,0700,0652,31,112,74,0837,0840,0,0,,,,,,
2015,1,1,4,AA,315,N3MAAA,LGA,ORD,0700,0658,16,165,136,0830,0845,0,0,,,,,,
2015,1,1,4,AA,1242,N489AA,FAT,DFW,0700,0745,12,195,170,1247,1215,0,0,,0,0,45,0,0
2015,1,1,4,AA,1247,N3CHAA,BOS,ORD,0700,0659,26,191,149,0854,0905,0,0,,,,,,
2015,1,1,4,AA,1258,N491AA,LAS,DFW,0700,0656,17,163,136,1129,1145,0,0,,,,,,
2015,1,1,4,AA,1273,N023AA,MIA,IAH,0700,0823,18,207,155,1016,0858,0,0,,29,0,83,0,0
2015,1,1,4,AA,1354,N504AA,DFW,MCO,0700,0655,17,144,123,1015,1030,0,0,,,,,,
2015,1,1,4,AA,1529,N5DHAA,MCO,LAX,0700,0658,15,328,306,0919,0935,0,0,,,,,,
2015,1,1,4,AA,1582,N5EYAA,MIA,BOS,0700,0656,10,182,167,0953,1013,0,0,,,,,,
2015,1,1,4,AA,1699,N425AA,TPA,DFW,0700,0656,3,164,150,0829,0850,0,0,,,,,,
2015,1,1,4,AA,1507,N3KXAA,SEA,DFW,0700,0656,12,258,213,1241,1250,0,0,,24,0,0,0,0
2015,1,1,4,AA,1513,N008AA,DFW,ATL,0700,0655,11,105,89,0935,1005,0,0,,,,,,
2015,1,1,4,AA,1648,N571AA,TUS,DFW,0700,,,,,,1010,0,1,B,,,,,
2015,1,1,4,AA,2291,N859AA,DFW,MIA,0700,,,,,,1043,0,1,B,,,,,
2015,1,1,4,AA,2451,N3HTAA,LGA,MIA,0700,0656,12,181,151,0939,1017,0,0,,,,,,
2015,1,1,4,AS,17,N419AS,EWR,SEA,0700,0701,13,374,356,1010,1011,0,0,,,,,,
2015,1,1,4,AS,39,N459AS,MSP,SEA,0700,0655,13,216,197,0825,0845,0,0,,,,,,
2015,1,1,4,AS,112,N527AS,ANC,SEA,0700,0653,16,202,179,1108,1130,0,0,,,,,,
2015,1,1,4,AS,311,N705AS,PSP,SFO,0700,0651,10,85,67,0808,0835,0,0,,,,,,
2015,1,1,4,AS,313,N703AS,SFO,SEA,0700,0651,18,121,97,0846,0900,0,0,,,,,,
2015,1,1,4,AS,405,N565AS,SJC,PDX,0700,0655,12,105,88,0835,0845,0,0,,,,,,
2015,1,1,4,AS,415,N413AS,PDX,SEA,0700,0658,22,61,28,0748,0750,0,0,,,,,,
2015,1,1,4,AS,445,N579AS,LAX,SEA,0700,0655,15,160,139,0929,0950,0,0,,,,,,
2015,1,1,4,AS,466,N309AS,SEA,LAX,0700,0656,30,163,124,0930,0945,0,0,,,,,,
2015,1,1,4,AS,519,N614AS,SNA,SEA,0700,0645,23,175,147,0935,1000,0,0,,,,,,
2015,1,1,4,AS,531,N529AS,BUR,SEA,0700,0904,10,146,132,1126,0930,0,0,,0,0,0,0,120
2015,1,1,4,AS,615,N320AS,LAS,SEA,0700,0659,15,148,126,0920,0934,0,0,,,,,,
2015,1,1,4,AS,663,N536AS,PHX,PDX,0700,0653,9,155,142,0824,0848,0,0,,,,,,
2015,1,1,4,AS,722,N403AS,SLC,LAX,0700,0717,24,113,82,0803,0805,0,0,,,,,,
2015,1,1,4,AS,833,N566AS,PDX,HNL,0700,0657,15,356,336,1048,1110,0,0,,,,,,
2015,1,1,4,AS,847,N558AS,SAN,OGG,0700,0656,19,385,362,1117,1057,0,0,,24,0,0,0,0
2015,1,1,4,AS,883,N531AS,OAK,LIH,0700,0649,12,337,320,1021,1044,0,0,,,,,,
2015,1,1,4,B6,288,N806JB,LAX,BOS,0700,0653,16,292,272,1441,1519,0,0,,,,,,
2015,1,1,4,B6,289,N373JB,BOS,DCA,0700,0650,13,84,68,0811,0851,0,0,,,,,,
2015,1,1,4,B6,619,N638JB,BOS,SAN,0700,0657,15,392,373,1025,1036,0,0,,,,,,
2015,1,1,4,B6,723,N804JB,DCA,MCO,0700,0652,13,130,111,0856,0923,0,0,,,,,,
2015,1,1,4,B6,1109,N651JB,BOS,JAX,0700,0913,27,186,156,1216,1008,0,0,,0,0,131,0,0
2015,1,1,4,B6,1121,N561JB,PDX,LGB,0700,0649,13,127,110,0852,0916,0,0,,,,,,
2015,1,1,4,B6,1031,N339JB,BOS,HOU,0700,0656,14,270,255,1025,1036,0,0,,,,,,
2015,1,1,4,B6,1039,N296JB,BOS,AUS,0700,0700,16,289,269,1045,1055,0,0,,,,,,
2015,1,1,4,B6,2007,N594JB,PIT,FLL,0700,0654,15,151,131,0920,0948,0,0,,,,,,
2015,1,1,4,DL,364,N547US,SEA,LAX,0700,0712,9,137,118,0919,0933,0,0,,,,,,
2015,1,1,4,DL,400,N381DN,PDX,JFK,0700,0657,13,288,268,1438,1513,0,0,,,,,,
2015,1,1,4,DL,424,N194DN,JFK,LAX,0700,0702,24,388,356,1022,1040,0,0,,,,,,
2015,1,1,4,DL,822,N3743H,SEA,DTW,0700,0652,21,240,213,1346,1415,0,0,,,,,,
2015,1,1,4,DL,854,N667DN,SFO,DTW,0700,0701,14,267,247,1422,1433,0,0,,,,,,
2015,1,1,4,DL,872,N938DN,DCA,ATL,0700,0703,14,102,83,0840,0906,0,0,,,,,,
2015,1,1,4,DL,1183,N987DL,ORF,ATL,0700,0701,30,123,88,0859,0900,0,0,,,,,,
2015,1,1,4,DL,1280,N906DE,DAB,ATL,0700,0658,11,76,61,0810,0828,0,0,,,,,,
2015,1,1,4,DL,1305,N357NW,PBI,ATL,0700,0659,21,107,77,0837,0849,0,0,,,,,,
2015,1,1,4,DL,1440,N3766,SLC,MSP,0700,0657,20,160,134,1031,1043,0,0,,,,,,
2015,1,1,4,DL,1453,N589NW,SEA,MSP,0700,0656,13,183,162,1151,1216,0,0,,,,,,
2015,1,1,4,AA,1461,N4YRAA,DAY,DFW,0700,0700,13,155,135,0828,0855,0,0,,,,,,
2015,1,1,4,DL,1971,N934DN,MSP,PHX,0700,0659,13,197,180,0912,0934,0,0,,,,,,
2015,1,1,4,DL,2017,N326US,LGA,PBI,0700,0657,12,161,147,0936,1009,0,0,,,,,,
2015,1,1,4,DL,2123,N913DE,RSW,LGA,0700,0657,12,155,138,0927,0949,0,0,,,,,,
2015,1,1,4,DL,2151,N329NW,MIA,LGA,0700,0657,18,180,145,0940,0959,0,0,,,,,,
2015,1,1,4,DL,2180,N938DL,CLE,ATL,0700,0659,9,93,80,0828,0905,0,0,,,,,,
2015,1,1,4,DL,2351,N911DE,PBI,LGA,0700,0656,15,185,143,0934,0948,0,0,,,,,,
2015,1,1,4,DL,2365,N399DA,JFK,SJU,0700,0659,33,220,180,1132,1150,0,0,,,,,,
2015,1,1,4,DL,2539,N353NW,MKE,ATL,0700,0707,12,113,87,0946,1008,0,0,,,,,,
2015,1,1,4,B6,2784,N283JB,RDU,BOS,0700,0647,45,143,93,0905,0849,0,0,,21,0,0,0,0
2015,1,1,4,DL,46,N704X,JFK,SFO,0700,0700,33,386,343,1016,1043,0,0,,,,,,
2015,1,1,4,DL,1498,N958AT,FLL,LGA,0700,0700,14,163,143,0937,0954,0,0,,,,,,
2015,1,1,4,DL,1506,N812DN,LAX,DTW,0700,0653,15,252,232,1400,1427,0,0,,,,,,
2015,1,1,4,DL,1795,N3757D,LAS,JFK,0700,0654,11,256,237,1402,1445,0,0,,,,,,
2015,1,1,4,DL,1894,N6704Z,MSP,MIA,0700,0704,17,196,175,1116,1146,0,0,,,,,,
2015,1,1,4,DL,1925,N534US,MSP,RSW,0700,0659,16,191,169,1104,1130,0,0,,,,,,
2015,1,1,4,AA,2393,N3APAA,JFK,MCO,0700,0857,39,185,141,1157,1005,0,0,,0,0,117,0,0
2015,1,1,4,EV,4513,N14950,CLE,ORD,0700,0657,17,85,62,0716,0733,0,0,,,,,,
2015,1,1,4,EV,4524,N14974,LFT,IAH,0700,0707,10,70,52,0809,0805,0,0,,,,,,
2015,1,1,4,EV,4871,N878AS,SHV,ATL,0700,0704,13,101,83,0940,0939,0,0,,,,,,
2015,1,1,4,EV,4987,N710EV,ROC,LGA,0700,0652,23,69,40,0755,0827,0,0,,,,,,
2015,1,1,4,EV,5423,N724EV,CID,MSP,0700,0654,29,76,42,0805,0819,0,0,,,,,,
2015,1,1,4,EV,5755,N834AS,PVD,ORD,0700,0658,10,181,157,0845,0856,0,0,,,,,,
2015,1,1,4,F9,1061,N201FR,ORD,PHX,0700,0649,13,251,232,0954,0950,0,0,,,,,,
2015,1,1,4,F9,1120,N208FR,CLE,RSW,0700,0701,9,152,136,0926,0950,0,0,,,,,,
2015,1,1,4,F9,676,N908FR,DEN,MCO,0700,0802,12,201,180,1314,1225,0,0,,0,0,58,0,0
2015,1,1,4,F9,681,N928FR,MCO,DEN,0700,0658,17,254,227,0902,0913,0,0,,,,,,
2015,1,1,4,MQ,2841,N667MQ,DFW,DSM,0700,0704,29,114,80,0853,0848,0,0,,,,,,
2015,1,1,4,MQ,2852,N625MQ,GRK,DFW,0700,,,,,,0755,0,1,B,,,,,
2015,1,1,4,MQ,2871,N645MQ,PNS,DFW,0700,,,,,,0910,0,1,B,,,,,
2015,1,1,4,MQ,3024,N611MQ,GJT,DFW,0700,,,,,,1025,0,1,B,,,,,
2015,1,1,4,MQ,3051,N802MQ,HPN,ORD,0700,0655,11,158,135,0821,0855,0,0,,,,,,
2015,1,1,4,MQ,2991,N686MQ,BMI,DFW,0700,,,,,,0925,0,1,B,,,,,
2015,1,1,4,MQ,3362,N507MQ,DFW,MAF,0700,,,,,,0808,0,1,B,,,,,
2015,1,1,4,NK,231,N620NK,ATL,FLL,0700,0725,10,100,80,0855,0848,0,0,,17,0,0,0,0
2015,1,1,4,NK,259,N532NK,ACY,FLL,0700,0655,22,161,132,0929,0948,0,0,,,,,,
2015,1,1,4,NK,183,N521NK,LBE,RSW,0700,0655,11,153,135,0921,0930,0,0,,,,,,
2015,1,1,4,NK,193,N502NK,IAH,LAS,0700,0743,14,186,167,0844,0820,0,0,,29,0,0,0,0
2015,1,1,4,NK,198,N621NK,FLL,MCO,0700,0712,19,61,32,0803,0757,0,0,,16,0,0,0,0
2015,1,1,4,NK,610,N608NK,FLL,BOS,0700,0704,15,190,169,1008,1004,0,0,,,,,,
2015,1,1,4,OO,6194,N758SK,ASE,DEN,0700,0704,20,54,27,0751,0759,0,0,,,,,,
2015,1,1,4,OO,6272,N915SW,BUR,SFO,0700,0650,28,95,61,0819,0826,0,0,,,,,,
2015,1,1,4,OO,3479,N218AG,SAN,SLC,0700,0721,17,119,93,1011,0950,0,0,,9,0,21,0,0
2015,1,1,4,HA,217,N485HA,KOA,HNL,0700,0656,7,45,31,0734,0742,0,0,,,,,,
2015,1,1,4,OO,4623,N812SK,SEA,PDX,0700,0647,46,80,29,0802,0800,0,0,,,,,,
2015,1,1,4,OO,5471,N576SW,RKS,DEN,0700,,,,,,0827,0,1,C,,,,,
2015,1,1,4,OO,5632,N566SW,SBA,SFO,0700,0656,20,103,74,0830,0838,0,0,,,,,,
2015,1,1,4,OO,6225,N124SY,BOI,ORD,0700,0710,22,207,182,1134,1129,0,0,,,,,,
2015,1,1,4,OO,7382,N659BR,CPR,SLC,0700,0656,24,77,48,0808,0854,0,0,,,,,,
2015,1,1,4,OO,5633,N479CA,COS,DEN,0701,0656,19,49,20,0735,0753,0,0,,,,,,
2015,1,1,4,UA,296,N470UA,ORD,DEN,0702,0706,23,159,131,0840,0847,0,0,,,,,,
2015,1,1,4,UA,656,N402UA,PHX,ORD,0702,0726,62,233,154,1202,1121,0,0,,34,0,0,0,24
2015,1,1,4,UA,1441,N38417,MSY,IAH,0702,0706,9,73,59,0814,0820,0,0,,,,,,
2015,1,1,4,UA,1764,N14228,CLE,RSW,0702,0701,12,151,136,0929,1000,0,0,,,,,,
2015,1,1,4,AA,130,N012AA,MIA,TPA,0702,,,,,,0806,0,1,A,,,,,
2015,1,1,4,EV,4221,N14570,BTR,IAH,0702,0653,10,83,63,0806,0815,0,0,,,,,,
2015,1,1,4,EV,6159,N48901,BTV,ORD,0704,0703,12,159,138,0833,0840,0,0,,,,,,
2015,1,1,4,NK,410,N630NK,FLL,BWI,0704,0705,13,152,130,0928,0929,0,0,,,,,,
2015,1,1,4,OO,6382,N824AS,SFO,BOI,0704,0733,12,100,84,1009,0946,0,0,,0,0,24,3,0
2015,1,1,4,UA,761,N549UA,ORD,SFO,0705,0713,14,260,238,0925,0945,0,0,,,,,,
2015,1,1,4,VX,12,N842VA,SFO,JFK,0705,0702,10,320,299,1511,1534,0,0,,,,,,
2015,1,1,4,WN,2851,N217JC,BDL,FLL,0705,0703,7,183,164,0954,1020,0,0,,,,,,
2015,1,1,4,WN,1108,N625SW,BWI,FLL,0705,0700,10,148,132,0922,0940,0,0,,,,,,
2015,1,1,4,WN,1432,N346SW,CMH,TPA,0705,0705,16,135,114,0915,0930,0,0,,,,,,
2015,1,1,4,WN,1863,N253WN,DAL,BWI,0705,0703,9,142,131,1023,1055,0,0,,,,,,
2015,1,1,4,WN,665,N684WN,DAL,STL,0705,,,,,,0840,0,1,A,,,,,
2015,1,1,4,WN,323,N340LV,FLL,BWI,0705,0659,17,152,129,0925,0940,0,0,,,,,,
2015,1,1,4,WN,2041,N8317M,MCO,LAS,0705,0659,12,324,285,0856,0920,0,0,,,,,,
2015,1,1,4,WN,4649,N8302F,MDW,MCO,0705,0705,9,139,123,1017,1050,0,0,,,,,,
2015,1,1,4,WN,893,N737JW,OAK,HOU,0705,0709,8,224,212,1249,1245,0,0,,,,,,
2015,1,1,4,WN,552,N291WN,SAT,ELP,0705,0734,11,96,81,0806,0740,0,0,,1,0,29,0,0
2015,1,1,4,WN,3239,N905WN,TPA,BWI,0705,0703,9,124,111,0903,0925,0,0,,,,,,
2015,1,1,4,WN,1912,N554WN,TUS,DEN,0705,0658,18,108,83,0839,0855,0,0,,,,,,
2015,1,1,4,UA,1660,N17730,SNA,EWR,0705,0658,13,275,256,1427,1524,0,0,,,,,,
