YEAR,MONTH,DAY,DAY_OF_WEEK,AIRLINE,FLIGHT_NUMBER,TAIL_NUMBER,ORIGIN_AIRPORT,DESTINATION_AIRPORT,SCHEDULED_DEPARTURE,DEPARTURE_TIME,SCHEDULED_TIME,WHEELS_ON,ARRIVAL_TIME,CANCELLED,CANCELLATION_REASON
2015,1,1,4,AS,98,N407AS,ANC,SEA,0005,2354,205,0404,0408,0,
2015,1,1,4,AA,2336,N3KUAA,LAX,PBI,0010,0002,280,0737,0741,0,
2015,1,1,4,US,840,N171US,SFO,CLT,0020,0018,286,0800,0811,0,
2015,1,1,4,AA,258,N3HYAA,LAX,MIA,0020,0015,285,0748,0756,0,
2015,1,1,4,AS,135,N527AS,SEA,ANC,0025,0024,235,0254,0259,0,
2015,1,1,4,DL,806,N3730B,SFO,MSP,0025,0020,217,0604,0610,0,
2015,1,1,4,NK,612,N635NK,LAS,MSP,0025,0019,181,0504,0509,0,
2015,1,1,4,US,2013,N584UW,LAX,CLT,0030,0044,273,0745,0753,0,
2015,1,1,4,AA,1112,N3LAAA,SFO,DFW,0030,0019,195,0529,0532,0,
2015,1,1,4,DL,1173,N826DN,LAS,ATL,0030,0033,221,0651,0656,0,
2015,1,1,4,DL,2336,N958DN,DEN,ATL,0030,0024,173,0449,0453,0,
2015,1,1,4,AA,1674,N853AA,LAS,MIA,0035,0027,268,0746,0753,0,
2015,1,1,4,DL,1434,N547US,LAX,MSP,0035,0035,214,0601,0605,0,
2015,1,1,4,DL,2324,N3751B,SLC,ATL,0040,0034,215,0548,0553,0,
2015,1,1,4,DL,2440,N651DL,SEA,MSP,0040,0039,189,0553,0557,0,
2015,1,1,4,AS,108,N309AS,ANC,SEA,0045,0041,204,0451,0455,0,
2015,1,1,4,DL,1560,N3743H,ANC,SEA,0045,0031,210,0447,0451,0,
2015,1,1,4,UA,1197,N78448,SFO,IAH,0048,0042,218,0612,0619,0,
2015,1,1,4,AS,122,N413AS,ANC,PDX,0050,0046,215,0504,0507,0,
2015,1,1,4,DL,1670,N806DN,PDX,MSP,0050,0045,193,0545,0551,0,
2015,1,1,4,NK,520,N525NK,LAS,MCI,0055,0120,162,0539,0543,0,
2015,1,1,4,AA,371,N3GXAA,SEA,MIA,0100,0052,338,0933,0939,0,
2015,1,1,4,NK,214,N632NK,LAS,DFW,0103,0102,147,0523,0529,0,
2015,1,1,4,AA,115,N3CTAA,LAX,MIA,0105,0103,286,0832,0839,0,
2015,1,1,4,DL,1450,N671DN,LAS,MSP,0105,0102,183,0543,0545,0,
2015,1,1,4,UA,1545,N76517,LAX,IAH,0115,0112,183,0559,0607,0,
2015,1,1,4,AS,130,N457AS,FAI,SEA,0115,0107,213,0538,0545,0,
2015,1,1,4,NK,597,N528NK,MSP,FLL,0115,0127,207,0527,0607,0,
2015,1,1,4,US,413,N571UW,LAS,CLT,0120,0110,245,0747,0754,0,
2015,1,1,4,AA,2392,N3HRAA,DEN,MIA,0120,0141,227,0701,0709,0,
2015,1,1,4,NK,168,N629NK,PHX,ORD,0125,0237,204,0622,0632,0,
2015,1,1,4,AA,2211,N3CGAA,PHX,MIA,0127,0116,239,0703,0710,0,
2015,1,1,4,AS,136,N431AS,ANC,SEA,0135,,205,,,1,A
2015,1,1,4,DL,95,N320US,SLC,ATL,0140,0134,215,0719,0725,0,
2015,1,1,4,NK,298,N514NK,LAS,IAH,0144,0140,170,0618,0630,0,
2015,1,1,4,HA,17,N389HA,LAS,HNL,0145,0145,370,0602,0610,0,
2015,1,1,4,US,617,N804AW,ANC,PHX,0152,0143,323,0902,0905,0,
2015,1,1,4,UA,1528,N76519,SJU,EWR,0154,0157,255,0449,0458,0,
2015,1,1,4,AS,134,N464AS,ANC,SEA,0155,0140,218,0547,0558,0,
2015,1,1,4,B6,304,N607JB,SJU,JFK,0155,0153,235,0456,0501,0,
2015,1,1,4,NK,451,N633NK,PBG,FLL,0155,0139,208,0443,0450,0,
2015,1,1,4,NK,972,N606NK,PHX,DFW,0159,0158,123,0452,0503,0,
2015,1,1,4,AA,2459,N3BDAA,PHX,DFW,0200,,120,,,1,B
2015,1,1,4,AS,144,N514AS,ANC,PDX,0200,0150,210,0616,0619,0,
2015,1,1,4,NK,647,N630NK,IAG,FLL,0200,0155,184,0445,0453,0,
2015,1,1,4,B6,1990,N597JB,SJU,EWR,0206,0152,246,0510,0516,0,
2015,1,1,4,US,699,N172US,PHX,CLT,0220,0209,224,0722,0728,0,
2015,1,1,4,AS,114,N303AS,ANC,SEA,0220,0209,200,0620,0628,0,
2015,1,1,4,B6,668,N653JB,PSE,MCO,0255,0248,185,0447,0451,0,
2015,1,1,4,UA,1162,N37293,BQN,EWR,0259,0258,240,0557,0605,0,
2015,1,1,4,B6,1030,N239JB,BQN,MCO,0307,0304,173,0509,0520,0,
2015,1,1,4,B6,262,N627JB,SJU,BOS,0330,0316,245,0614,0619,0,
2015,1,1,4,B6,2134,N307JB,SJU,MCO,0400,0535,185,0727,0730,0,
2015,1,1,4,B6,730,N621JB,BQN,MCO,0419,0423,174,0602,0606,0,
2015,1,1,4,B6,768,N317JB,PSE,MCO,0424,0413,186,0623,0629,0,
2015,1,1,4,B6,2276,N646JB,SJU,BDL,0438,0550,241,0902,0908,0,
2015,1,1,4,US,602,N197UW,ORD,PHX,0500,0459,228,0745,0751,0,
2015,1,1,4,AS,695,N607AS,GEG,SEA,0500,0456,70,0557,0610,0,
2015,1,1,4,HA,102,N492HA,HNL,ITO,0500,0452,49,0537,0543,0,
2015,1,1,4,OO,5467,N701BR,ONT,SFO,0500,0513,89,0633,0638,0,
2015,1,1,4,HA,108,N476HA,HNL,KOA,0502,0501,42,0543,0549,0,
2015,1,1,4,AS,730,N423AS,ANC,SEA,0505,0457,205,0912,0916,0,
2015,1,1,4,HA,206,N484HA,HNL,OGG,0505,0454,36,0524,0530,0,
2015,1,1,4,UA,1500,N30401,ORD,IAH,0510,0514,175,0804,0816,0,
2015,1,1,4,AA,1323,N3CXAA,MCO,MIA,0510,0507,63,0559,0602,0,
2015,1,1,4,NK,103,N616NK,BOS,MYR,0510,0506,140,0714,0720,0,
2015,1,1,4,OO,7404,N8982A,HIB,MSP,0510,0500,68,0612,0618,0,
2015,1,1,4,OO,7419,N445SW,ABR,MSP,0510,0508,69,0610,0615,0,
2015,1,1,4,OO,5254,N746SK,MAF,IAH,0510,,87,,,1,B
2015,1,1,4,US,480,N676AW,SEA,PHX,0515,0510,165,0851,0858,0,
2015,1,1,4,AA,1057,N3ASAA,DFW,MIA,0515,0703,161,1031,1038,0,
2015,1,1,4,AA,2454,N3ETAA,BOS,MIA,0515,0510,208,0826,0845,0,
2015,1,1,4,EV,4354,N12142,MKE,IAH,0515,0517,178,0812,0826,0,
2015,1,1,4,US,425,N174US,PDX,PHX,0520,0620,150,0945,0950,0,
2015,1,1,4,AA,89,N3KVAA,IAH,MIA,0520,0618,141,0928,0935,0,
2015,1,1,4,DL,2099,N355NW,BNA,DTW,0520,0511,103,0747,0757,0,
2015,1,1,4,EV,4685,N26545,BRO,IAH,0520,0517,74,0621,0629,0,
2015,1,1,4,EV,5583,N882AS,VPS,ATL,0520,0514,66,0705,0711,0,
2015,1,1,4,OO,5484,N824AS,BOI,SFO,0520,0525,112,0608,0615,0,
2015,1,1,4,OO,7370,N432SW,BJI,MSP,0520,0517,60,0622,0629,0,
2015,1,1,4,HA,103,N477HA,HNL,LIH,0523,0513,37,0541,0548,0,
2015,1,1,4,EV,5187,N720EV,BNA,ATL,0525,0525,65,0732,0735,0,
2015,1,1,4,MQ,2859,N660MQ,SGF,DFW,0525,,95,,,1,B
2015,1,1,4,UA,1201,N79521,PHL,IAH,0530,0532,230,0814,0826,0,
2015,1,1,4,UA,1221,N37281,PDX,DEN,0530,0534,142,0848,0856,0,
2015,1,1,4,UA,1607,N36476,SEA,DEN,0530,0529,157,0857,0906,0,
2015,1,1,4,AA,328,N4XKAA,DEN,DFW,0530,0623,125,0931,0941,0,
2015,1,1,4,EV,5764,N832AS,SBN,ORD,0530,0527,55,0501,0511,0,
2015,1,1,4,F9,1279,N918FR,PHL,MCO,0530,0526,160,0746,0752,0,
2015,1,1,4,NK,409,N509NK,ORD,FLL,0530,0526,188,0907,0913,0,
2015,1,1,4,OO,5460,N583SW,RDD,SFO,0530,,90,,,1,A
2015,1,1,4,OO,6391,N593ML,EUG,DEN,0530,0526,163,0915,0926,0,
2015,1,1,4,UA,1532,N77066,SFO,DEN,0531,0550,146,0912,0923,0,
2015,1,1,4,UA,1167,N66837,ORD,DEN,0533,0540,167,0712,0723,0,
2015,1,1,4,UA,1012,N17245,IAD,IAH,0535,0541,207,0807,0816,0,
2015,1,1,4,B6,2001,N358JB,BUF,JFK,0535,0530,88,0643,0648,0,
2015,1,1,4,B6,2807,N190JB,PWM,JFK,0535,0528,85,0631,0635,0,
2015,1,1,4,B6,2023,N324JB,JFK,SJU,0535,0618,225,1035,1039,0,
2015,1,1,4,EV,4557,N12967,CRP,IAH,0535,0523,61,0608,0615,0,
2015,1,1,4,EV,5241,N849AS,PIA,DTW,0535,0530,88,0742,0745,0,
2015,1,1,4,EV,5498,N132EV,ORD,DTW,0535,0550,85,0749,0757,0,
2015,1,1,4,OO,6512,N925SW,FAT,LAX,0535,0530,75,0645,0650,0,
2015,1,1,4,UA,1577,N69813,SMF,DEN,0538,0634,142,1009,1018,0,
2015,1,1,4,OO,4986,N719SK,AUS,LAX,0538,0535,212,0644,0654,0,
2015,1,1,4,B6,727,N292JB,BOS,BWI,0540,0536,101,0656,0700,0,
2015,1,1,4,B6,1012,N375JB,ORD,BOS,0540,0529,136,0820,0823,0,
2015,1,1,4,DL,824,N3736C,PHX,DTW,0540,0808,223,1325,1331,0,
2015,1,1,4,DL,941,N910DN,MCI,ATL,0540,0546,122,0821,0827,0,
2015,1,1,4,DL,2079,N389DA,BOS,DTW,0540,0537,143,0737,0742,0,
2015,1,1,4,EV,3268,N14998,ATL,IAD,0540,0556,105,0724,0739,0,
2015,1,1,4,EV,4160,N11150,JAX,EWR,0540,0531,137,0729,0743,0,
2015,1,1,4,OO,6285,N962SW,MFR,DEN,0540,0538,161,0938,0946,0,
2015,1,1,4,OO,5184,N776SK,SLC,IAH,0540,0537,193,0933,0937,0,
2015,1,1,4,OO,6358,N926SW,IDA,DEN,0541,0539,104,0721,0732,0,
2015,1,1,4,F9,161,N905FR,MSN,DEN,0544,0534,145,0649,0658,0,
2015,1,1,4,OO,4833,N554CA,MKE,DTW,0545,0543,74,0729,0738,0,
2015,1,1,4,UA,1119,N69810,GEG,DEN,0545,0542,139,0850,0858,0,
2015,1,1,4,UA,1237,N65832,SEA,IAH,0545,0541,251,1152,1207,0,
2015,1,1,4,UA,1540,N78509,DCA,IAH,0545,0550,209,0802,0807,0,
2015,1,1,4,AA,1433,N4YNAA,SAT,DFW,0545,0539,65,0632,0638,0,
2015,1,1,4,AA,2299,N3LLAA,JFK,MIA,0545,0640,185,0929,0959,0,
2015,1,1,4,B6,721,N623JB,BOS,PBI,0545,0551,205,0857,0901,0,
2015,1,1,4,B6,917,N606JB,BOS,JFK,0545,0543,77,0639,0649,0,
2015,1,1,4,B6,939,N794JB,JFK,BQN,0545,0545,221,1002,1007,0,
2015,1,1,4,DL,1890,N377DA,DFW,ATL,0545,0603,124,0842,0847,0,
2015,1,1,4,EV,4646,N29917,CHS,EWR,0545,0540,116,0737,0742,0,
2015,1,1,4,F9,365,N218FR,MKE,DEN,0545,0621,161,0730,0743,0,
2015,1,1,4,F9,117,N933FR,MSP,DEN,0545,0538,129,0637,0646,0,
2015,1,1,4,MQ,2926,N932MQ,CHS,DFW,0545,,190,,,1,B
2015,1,1,4,OO,2599,N435SW,DEN,LAX,0545,0658,150,0801,0811,0,
2015,1,1,4,OO,5482,N934SW,SBA,DEN,0545,0542,154,0921,0929,0,
2015,1,1,4,OO,6457,N560SW,SMX,LAX,0545,,66,,,1,A
2015,1,1,4,HA,218,N485HA,HNL,KOA,0548,0540,42,0617,0624,0,
2015,1,1,4,B6,515,N337JB,BOS,BUF,0549,0540,96,0715,0719,0,
2015,1,1,4,UA,228,N439UA,PDX,EWR,0550,0547,314,1320,1329,0,
2015,1,1,4,US,641,N650AW,IND,PHX,0550,0545,240,0751,0754,0,
2015,1,1,4,UA,495,N548UA,LAX,DEN,0550,0550,145,0859,0906,0,
2015,1,1,4,UA,507,N808UA,CLE,IAH,0550,0629,194,0830,0847,0,
2015,1,1,4,UA,1553,N37290,BOS,EWR,0550,0552,88,0650,0659,0,
2015,1,1,4,US,403,N660AW,DEN,PHX,0550,0550,119,0736,0739,0,
2015,1,1,4,US,446,N651AW,MCI,PHX,0550,0544,178,0738,0743,0,
2015,1,1,4,AA,1178,N573AA,AUS,DFW,0550,0548,60,0643,0649,0,
2015,1,1,4,AA,2410,N3BAAA,LAX,DFW,0550,0600,180,1047,1052,0,
2015,1,1,4,DL,2453,N966DL,GSP,ATL,0550,0550,59,0644,0649,0,
2015,1,1,4,B6,2228,N231JB,MCO,EWR,0550,0548,149,0807,0812,0,
2015,1,1,4,EV,4555,N13133,MCI,IAH,0550,0548,135,0753,0806,0,
2015,1,1,4,EV,5698,N835AS,BDL,IAD,0550,0543,88,0650,0659,0,
2015,1,1,4,MQ,3534,N925MQ,ABI,DFW,0550,,55,,,1,B
2015,1,1,4,EV,4339,N14179,RIC,IAH,0550,0548,205,0817,0828,0,
2015,1,1,4,OO,6204,N917SW,BFL,DEN,0550,0556,150,0932,0940,0,
2015,1,1,4,OO,6261,N107SY,SAT,SFO,0550,0557,249,0724,0740,0,
2015,1,1,4,OO,5160,N794SK,OMA,IAH,0550,0605,140,0821,0831,0,
2015,1,1,4,OO,6224,N956SW,RDM,DEN,0550,0549,143,0911,0919,0,
2015,1,1,4,B6,860,N656JB,FLL,BDL,0553,0551,166,0843,0848,0,
2015,1,1,4,EV,5230,N181PQ,CID,ATL,0554,0554,131,0845,0848,0,
2015,1,1,4,WN,526,N742SW,SFO,DEN,0555,0553,150,0916,0923,0,
2015,1,1,4,UA,1222,N68452,MCO,LAX,0555,0557,341,0817,0840,0,
2015,1,1,4,UA,1507,N31412,TPA,EWR,0555,0549,156,0809,0818,0,
2015,1,1,4,AA,1094,N3DXAA,SEA,DFW,0555,0555,235,1155,1206,0,
2015,1,1,4,AA,1233,N3HXAA,BOS,DFW,0555,0551,275,0909,0920,0,
2015,1,1,4,B6,115,N284JB,SYR,JFK,0555,0550,83,0700,0705,0,
2015,1,1,4,B6,185,N334JB,ROC,JFK,0555,0550,85,0658,0703,0,
2015,1,1,4,EV,2519,N905EV,TYR,DFW,0555,0546,50,0620,0636,0,
2015,1,1,4,EV,3928,N11140,MCI,ORD,0555,0554,94,0711,0717,0,
2015,1,1,4,EV,3941,N16561,LAN,ORD,0555,0555,69,0601,0610,0,
2015,1,1,4,EV,5976,N27200,BUF,EWR,0555,0928,80,1054,1101,0,
2015,1,1,4,MQ,3161,N5PBMQ,XNA,DFW,0555,,75,,,1,B
2015,1,1,4,EV,5677,N12563,GSO,EWR,0556,0538,94,0702,0708,0,
2015,1,1,4,NK,224,N607NK,ORD,LGA,0556,0547,124,0835,0927,0,
2015,1,1,4,UA,1457,N76529,LAX,IAH,0557,0555,192,1047,1053,0,
2015,1,1,4,AA,1205,N3FKAA,EWR,MIA,0559,0552,183,0843,0849,0,
2015,1,1,4,OO,5547,N910SW,ONT,DEN,0559,0758,141,1105,1116,0,
2015,1,1,4,UA,210,N830UA,MSP,DEN,0600,0556,139,0650,0656,0,
2015,1,1,4,UA,214,N454UA,PBI,IAH,0600,0555,170,0738,0747,0,
2015,1,1,4,UA,247,N462UA,PHX,IAH,0600,0751,148,1120,1131,0,
2015,1,1,4,UA,256,N464UA,RSW,IAH,0600,0600,156,0726,0735,0,
2015,1,1,4,UA,319,N498UA,EWR,MCO,0600,0603,173,0832,0835,0,
2015,1,1,4,UA,374,N415UA,OMA,ORD,0600,0612,97,0728,0731,0,
2015,1,1,4,US,635,N544UW,SMF,PHX,0600,0551,110,0845,0902,0,
2015,1,1,4,US,646,N654AW,OAK,PHX,0600,0558,115,0854,0903,0,
2015,1,1,4,US,1941,N708UW,PVD,CLT,0600,0555,139,0800,0805,0,
2015,1,1,4,UA,422,N847UA,RNO,DEN,0600,0557,130,0919,0924,0,
2015,1,1,4,UA,544,N831UA,PIT,IAH,0600,0622,195,0836,0839,0,
2015,1,1,4,UA,1016,N68807,DEN,IAH,0600,0552,142,0857,0918,0,
2015,1,1,4,WN,4122,N486WN,BOS,BWI,0600,0556,105,0716,0719,0,
2015,1,1,4,WN,4822,N293WN,LAS,BWI,0600,0602,270,1302,1305,0,
2015,1,1,4,WN,2215,N249WN,ABQ,HOU,0600,0607,120,0919,0922,0,
2015,1,1,4,WN,676,N630WN,PHX,SLC,0600,0601,95,0726,0729,0,
2015,1,1,4,WN,2787,N910WN,PIT,FLL,0600,0559,170,0820,0824,0,
2015,1,1,4,WN,4859,N8641B,PVD,BWI,0600,0606,100,0720,0727,0,
2015,1,1,4,WN,597,N768SW,SFO,ATL,0600,0554,280,1316,1324,0,
2015,1,1,4,UA,1158,N73445,SFO,ORD,0600,0557,257,1200,1213,0,
2015,1,1,4,UA,1163,N24224,MCO,EWR,0600,0555,154,0811,0816,0,
2015,1,1,4,UA,1188,N68822,PDX,IAH,0600,0613,244,1208,1215,0,
2015,1,1,4,UA,1198,N38451,BOS,ORD,0600,0557,173,0736,0742,0,
2015,1,1,4,UA,1224,N87531,SFO,LAX,0600,0605,88,0708,0717,0,
2015,1,1,4,UA,1296,N37471,SAT,LAX,0600,0616,207,0716,0724,0,
2015,1,1,4,UA,1431,N36207,BOS,LAX,0600,0603,404,0932,0939,0,
2015,1,1,4,UA,1637,N33294,SEA,EWR,0600,0606,311,1344,1357,0,
2015,1,1,4,UA,1735,N66814,LAX,ORD,0600,0607,250,1141,1154,0,
2015,1,1,4,US,410,N765US,IAH,PHX,0600,0553,170,0742,0746,0,
2015,1,1,4,US,459,N536UW,MCO,PHX,0600,0557,281,0843,0851,0,
2015,1,1,4,US,610,N560UW,SFO,PHX,0600,0557,114,0840,0857,0,
2015,1,1,4,AA,72,N5EKAA,DFW,MCO,0600,0606,145,0924,0928,0,
2015,1,1,4,AA,196,N3FBAA,MIA,PHL,0600,0604,164,0850,0858,0,
2015,1,1,4,AA,304,N4XHAA,SLC,DFW,0600,0601,170,0951,1002,0,
2015,1,1,4,AA,175,N3EWAA,DCA,DFW,0600,,215,,,1,B
2015,1,1,4,AA,281,N3FXAA,MIA,DFW,0600,0559,194,0759,0813,0,
2015,1,1,4,AA,233,N3BEAA,BWI,MIA,0600,0643,163,0908,0914,0,
2015,1,1,4,AA,1100,N3GWAA,DFW,LGA,0600,0554,190,1001,1005,0,
2015,1,1,4,AA,1103,N3HCAA,LGA,DFW,0600,,245,,,1,B
2015,1,1,4,AA,1028,N3BFAA,DEN,ORD,0600,0601,155,0901,0908,0,
2015,1,1,4,AA,1039,N541AA,MCI,DFW,0600,0606,105,0739,0748,0,
2015,1,1,4,AA,1055,N573AA,MCO,DFW,0600,,185,,,1,B
2015,1,1,4,AA,1180,N3AYAA,SFO,DFW,0600,,210,,,1,B
2015,1,1,4,AA,1345,N439AA,TUL,DFW,0600,0556,75,0656,0704,0,
2015,1,1,4,AA,1297,N3JYAA,LGA,MIA,0600,0708,192,0956,1002,0,
2015,1,1,4,AA,1411,N585AA,LIT,DFW,0600,0555,80,0703,0710,0,
2015,1,1,4,AA,1084,N3GFAA,MIA,LGA,0600,0558,175,0840,0846,0,
2015,1,1,4,AA,1088,N201AA,LAS,DFW,0600,0557,160,1021,1047,0,
2015,1,1,4,AA,1534,N4YPAA,PDX,DFW,0600,0556,225,1133,1142,0,
2015,1,1,4,AA,1573,N467AA,TPA,DFW,0600,0554,170,0723,0730,0,
2015,1,1,4,AA,1660,N567AA,SMF,DFW,0600,0611,210,1150,1201,0,
2015,1,1,4,AA,2204,N3GKAA,MSY,MIA,0600,0555,109,0829,0836,0,
2015,1,1,4,AA,1515,N3HMAA,LAX,ORD,0600,0557,245,1132,1139,0,
2015,1,1,4,AA,2307,N505AA,OMA,DFW,0600,0554,120,0755,0805,0,
2015,1,1,4,AA,2363,N560AA,OKC,DFW,0600,0610,65,0731,0735,0,
2015,1,1,4,AS,81,N577AS,SEA,ANC,0600,0557,234,0837,0841,0,
2015,1,1,4,AS,162,N792AS,FAI,ANC,0600,0544,73,0654,0704,0,
2015,1,1,4,AS,200,N767AS,SEA,SJC,0600,0550,123,0750,0754,0,
2015,1,1,4,AS,342,N440AS,SEA,OAK,0600,0555,119,0738,0743,0,
2015,1,1,4,AS,406,N589AS,PDX,SJC,0600,0555,102,0725,0729,0,
2015,1,1,4,AS,477,N453AS,LAX,SEA,0600,0555,170,0837,0841,0,
2015,1,1,4,AS,631,N512AS,PHX,SEA,0600,0555,175,0736,0743,0,
2015,1,1,4,AS,683,N618AS,DEN,SEA,0600,0549,190,0722,0736,0,
2015,1,1,4,AS,699,N532AS,GEG,SEA,0600,0558,75,0703,0718,0,
2015,1,1,4,B6,130,N510JB,RSW,JFK,0600,0557,161,0828,0839,0,
2015,1,1,4,B6,154,N536JB,PBI,JFK,0600,0559,154,0831,0843,0,
2015,1,1,4,B6,353,N570JB,JFK,PBI,0600,0554,178,0832,0836,0,
2015,1,1,4,B6,226,N648JB,TPA,JFK,0600,0553,151,0813,0826,0,
2015,1,1,4,B6,272,N556JB,FLL,LGA,0600,0559,161,0838,0843,0,
2015,1,1,4,B6,447,N527JB,OAK,LGB,0600,0552,80,0707,0710,0,
2015,1,1,4,B6,371,N708JB,LGA,FLL,0600,0600,183,0852,0857,0,
2015,1,1,4,B6,583,N531JB,JFK,MCO,0600,0557,171,0828,0832,0,
2015,1,1,4,B6,605,N766JB,EWR,FLL,0600,0556,180,0833,0839,0,
2015,1,1,4,B6,525,N645JB,JFK,TPA,0600,0554,181,0852,0900,0,
2015,1,1,4,B6,746,N587JB,PSE,JFK,0600,0557,241,0851,0856,0,
2015,1,1,4,B6,776,N236JB,MSY,JFK,0600,0550,168,0921,0930,0,
2015,1,1,4,B6,794,N519JB,AUS,JFK,0600,0559,203,1010,1013,0,
2015,1,1,4,B6,838,N715JB,BQN,JFK,0600,0601,232,0857,0907,0,
2015,1,1,4,B6,892,N598JB,TPA,BOS,0600,0554,173,0837,0841,0,
2015,1,1,4,B6,1678,N618JB,JAX,JFK,0600,0600,128,0803,0816,0,
2015,1,1,4,B6,1790,N203JB,DCA,BOS,0600,0557,84,0718,0725,0,
2015,1,1,4,DL,421,N967DL,JFK,ATL,0600,0605,163,0820,0824,0,
2015,1,1,4,DL,731,N323NB,LGA,DTW,0600,0604,118,0751,0757,0,
2015,1,1,4,DL,743,N341NW,RNO,SLC,0600,0600,100,0839,0858,0,
2015,1,1,4,DL,750,N995AT,BOS,JFK,0600,0556,80,0700,0712,0,
2015,1,1,4,DL,809,N931DN,BOS,MSP,0600,0600,210,0829,0832,0,
2015,1,1,4,DL,904,N3748Y,LGA,ATL,0600,0601,159,0803,0807,0,
2015,1,1,4,DL,977,N988DL,ORD,ATL,0600,0602,127,0841,0846,0,
2015,1,1,4,DL,1088,N682DA,ANC,MSP,0600,0557,317,1334,1337,0,
2015,1,1,4,DL,1098,N966AT,ATW,ATL,0600,0601,143,0847,0851,0,
2015,1,1,4,DL,1205,N612DL,PHX,ATL,0600,0804,207,1309,1314,0,
2015,1,1,4,DL,1234,N912DE,PNS,ATL,0600,0554,69,0743,0749,0,
2015,1,1,4,DL,1235,N358NW,MCO,SLC,0600,0554,304,0849,0854,0,
2015,1,1,4,AA,1462,N547AA,ONT,DFW,0600,,180,,,1,B
2015,1,1,4,AA,913,N3JVAA,DCA,MIA,0600,0605,157,0827,0836,0,
2015,1,1,4,DL,1961,N947DN,RIC,ATL,0600,0554,113,0721,0725,0,
2015,1,1,4,DL,2154,N813DN,LAX,ATL,0600,0559,250,1244,1250,0,
2015,1,1,4,DL,2282,N974DL,BOS,ATL,0600,0558,191,0843,0849,0,
2015,1,1,4,DL,2417,N554NW,LAS,DTW,0600,0559,233,1225,1231,0,
2015,1,1,4,DL,1540,N903DE,OKC,ATL,0600,0550,124,0856,0901,0,
2015,1,1,4,DL,1574,N532US,MCO,MSP,0600,0550,209,0818,0822,0,
2015,1,1,4,DL,1700,N952DL,MEM,ATL,0600,0617,82,0812,0816,0,
2015,1,1,4,DL,1867,N934AT,TUL,ATL,0600,0555,118,0830,0834,0,
2015,1,1,4,DL,1937,N905DA,BWI,DTW,0600,0551,102,0718,0723,0,
2015,1,1,4,B6,159,N193JB,BOS,PHL,0600,0554,99,0713,0718,0,
2015,1,1,4,B6,198,N523JB,MCO,LGA,0600,0557,145,0821,0827,0,
2015,1,1,4,B6,1502,N535JB,FLL,JFK,0600,0610,163,0849,0900,0,
2015,1,1,4,B6,1504,N640JB,SJU,JFK,0600,0627,242,0952,1001,0,
2015,1,1,4,B6,1600,N351JB,BOS,DCA,0600,0552,107,0721,0724,0,
2015,1,1,4,EV,2533,N906EV,TYS,DFW,0600,0559,155,0740,0745,0,
2015,1,1,4,EV,4213,N17560,MHT,ORD,0600,0555,173,0744,0749,0,
2015,1,1,4,EV,4431,N14158,SAV,EWR,0600,0726,126,0922,0931,0,
2015,1,1,4,EV,4411,N14568,MEM,EWR,0600,0552,158,0909,0918,0,
2015,1,1,4,EV,4756,N13908,CLT,ORD,0600,0559,123,0714,0721,0,
2015,1,1,4,EV,4768,N16987,TYS,IAD,0600,0553,85,0713,0723,0,
2015,1,1,4,EV,4740,N11107,GRB,ORD,0600,0556,63,0642,0653,0,
2015,1,1,4,EV,5103,N846AS,ABE,DTW,0600,0552,113,0728,0733,0,
2015,1,1,4,EV,5275,N861AS,JAN,ATL,0600,0559,79,0802,0809,0,
2015,1,1,4,EV,5491,N838AS,OAJ,ATL,0600,0552,92,0724,0729,0,
2015,1,1,4,EV,5978,N21129,FAR,ORD,0600,0603,123,0758,0803,0,
2015,1,1,4,EV,5917,N13997,JAN,ORD,0600,0556,134,0748,0755,0,
2015,1,1,4,EV,6133,N12996,ERI,ORD,0600,0616,92,0646,0651,0,
2015,1,1,4,EV,6082,N12122,ATW,ORD,0600,0600,63,0652,0703,0,
2015,1,1,4,EV,6122,N16559,LEX,ORD,0600,0556,90,0612,0619,0,
2015,1,1,4,EV,6143,N12921,CWA,ORD,0600,0550,76,0702,0713,0,
2015,1,1,4,F9,865,,MSO,DEN,0600,,120,,,1,A
2015,1,1,4,F9,1256,,ORD,MIA,0600,,180,,,1,A
2015,1,1,4,F9,1104,N211FR,CLE,FLL,0600,0556,175,0828,0833,0,
2015,1,1,4,F9,1057,N919FR,IAH,SFO,0600,0552,260,0805,0814,0,
2015,1,1,4,F9,144,N924FR,SEA,DEN,0600,0605,153,0926,0933,0,
2015,1,1,4,F9,1056,N929FR,SFO,IAH,0600,0552,225,1136,1146,0,
2015,1,1,4,F9,901,N939FR,TTN,ATL,0600,0557,139,0756,0808,0,
2015,1,1,4,F9,902,N949FR,ATL,TTN,0600,0619,110,0808,0814,0,
2015,1,1,4,HA,202,N491HA,HNL,ITO,0600,0553,50,0641,0646,0,
2015,1,1,4,MQ,2898,N514MQ,MAF,DFW,0600,,70,,,1,B
2015,1,1,4,MQ,2957,N504MQ,AMA,DFW,0600,,80,,,1,B
2015,1,1,4,MQ,2962,N609MQ,CLL,DFW,0600,,60,,,1,B
2015,1,1,4,MQ,3014,N908MQ,HOU,DFW,0600,,70,,,1,B
2015,1,1,4,MQ,3015,N825MQ,DFW,BTR,0600,,78,,,1,B
2015,1,1,4,MQ,3079,N646MQ,JLN,DFW,0600,,80,,,1,B
2015,1,1,4,MQ,3189,N532MQ,CID,DFW,0600,,140,,,1,B
2015,1,1,4,MQ,3302,N649MQ,MLI,DFW,0600,,145,,,1,B
2015,1,1,4,MQ,3338,N925MQ,GSP,DFW,0600,,170,,,1,B
2015,1,1,4,MQ,3350,N830MQ,RDU,JFK,0600,0555,95,0731,0738,0,
2015,1,1,4,MQ,3355,N618MQ,CVG,MIA,0600,0556,153,0814,0826,0,
2015,1,1,4,MQ,3251,N615MQ,MHK,DFW,0600,,100,,,1,B
2015,1,1,4,MQ,3377,N631MQ,MOB,DFW,0600,,110,,,1,B
2015,1,1,4,MQ,3441,N698MQ,TLH,DFW,0600,,150,,,1,B
2015,1,1,4,MQ,3540,N602MQ,PNS,MIA,0600,0555,103,0826,0831,0,
2015,1,1,4,MQ,3488,N620MQ,BHM,MIA,0600,0600,117,0846,0852,0,
2015,1,1,4,MQ,3597,N612MQ,CVG,DFW,0600,,165,,,1,B
2015,1,1,4,MQ,3611,N902MQ,CAE,DFW,0600,,185,,,1,B
2015,1,1,4,MQ,3678,N625MQ,TXK,DFW,0600,,60,,,1,B
2015,1,1,4,NK,188,N505NK,OAK,LAS,0600,0551,83,0709,0715,0,
2015,1,1,4,NK,925,N634NK,DFW,OAK,0600,0600,238,0721,0729,0,
2015,1,1,4,NK,943,N605NK,ACY,RSW,0600,0742,171,1013,1017,0,
2015,1,1,4,NK,316,N601NK,DTW,LGA,0600,0558,98,0716,0836,0,
2015,1,1,4,NK,972,N606NK,DFW,FLL,0600,0603,159,1010,1014,0,
2015,1,1,4,OO,2622,N492SW,SMF,LAX,0600,0551,90,0723,0728,0,
2015,1,1,4,OO,6360,N952SW,RAP,DEN,0600,0600,82,0722,0730,0,
2015,1,1,4,OO,6369,N763SK,TUS,SFO,0600,0604,134,0714,0720,0,
2015,1,1,4,OO,5330,N652BR,EAU,ORD,0600,0552,79,0644,0650,0,
2015,1,1,4,OO,5292,N971SW,DLH,ORD,0600,0556,96,0725,0732,0,
2015,1,1,4,OO,6276,N715SK,FSD,ORD,0600,0557,96,0731,0738,0,
2015,1,1,4,OO,6235,N114SY,AUS,SFO,0600,0556,249,0750,0753,0,
2015,1,1,4,OO,3489,N227AG,FAT,SEA,0600,0557,130,0809,0813,0,
2015,1,1,4,OO,3461,N223AG,ONT,PDX,0600,0550,147,0804,0808,0,
2015,1,1,4,OO,7423,N427SW,INL,BRD,0600,0550,58,0651,0655,0,
2015,1,1,4,OO,5318,N946SW,CMX,ORD,0600,,87,,,1,B
2015,1,1,4,OO,5445,N579SW,SMF,SFO,0600,,52,,,1,A
2015,1,1,4,OO,5242,N744SK,BOI,LAX,0600,0639,130,0732,0740,0,
2015,1,1,4,OO,5462,N929EV,SPI,ORD,0600,0604,64,0703,0709,0,
2015,1,1,4,OO,5466,N568SW,CLD,LAX,0600,0654,51,0806,0819,0,
2015,1,1,4,OO,5550,N594SW,COD,DEN,0600,0559,93,0724,0732,0,
2015,1,1,4,OO,5574,N563SW,FAT,SFO,0600,0600,74,0717,0721,0,
2015,1,1,4,MQ,3221,N682MQ,CMH,MIA,0600,0555,166,0829,0835,0,
2015,1,1,4,MQ,3224,N631MQ,LRD,DFW,0600,,80,,,1,B
2015,1,1,4,OO,5522,N796SK,PSC,DEN,0600,0601,142,0918,0926,0,
2015,1,1,4,OO,5592,N494CA,CPR,DEN,0600,0604,72,0714,0721,0,
2015,1,1,4,OO,5604,N292SW,ACV,SFO,0600,0550,83,0728,0733,0,
2015,1,1,4,OO,5170,N791SK,DAL,IAH,0600,0622,68,0715,0720,0,
2015,1,1,4,OO,5429,N958SW,PAH,ORD,0600,0551,93,0705,0710,0,
2015,1,1,4,OO,5435,N976SW,PSC,SFO,0600,0556,127,0802,0806,0,
2015,1,1,4,OO,6378,N767SK,CID,ORD,0600,0610,68,0701,0707,0,
2015,1,1,4,OO,6401,N740SK,EUG,SFO,0600,0557,96,0725,0729,0,
2015,1,1,4,OO,6332,N708SK,DFW,DEN,0600,0556,125,0703,0714,0,
2015,1,1,4,OO,6346,N291SW,MRY,SFO,0600,0555,46,0629,0634,0,
2015,1,1,4,OO,6465,N495CA,SLC,LAX,0600,0604,132,0701,0706,0,
2015,1,1,4,OO,7392,N438SW,ESC,DTW,0600,0558,87,0700,0706,0,
2015,1,1,4,OO,6403,N983SW,MFR,SFO,0600,0557,89,0718,0723,0,
2015,1,1,4,OO,6497,N913SW,FAT,DEN,0600,0559,145,0945,0958,0,
2015,1,1,4,UA,576,N817UA,SFO,EWR,0601,0552,331,1401,1409,0,
2015,1,1,4,UA,1410,N76523,LAS,IAH,0601,0601,175,1043,1049,0,
2015,1,1,4,UA,1689,N39461,EWR,SFO,0601,0602,399,0908,0920,0,
2015,1,1,4,EV,6020,N11121,ISN,DEN,0601,0559,129,0651,0701,0,
2015,1,1,4,HA,113,N486HA,HNL,LIH,0601,0557,37,0630,0636,0,
2015,1,1,4,OO,5629,N726SK,PSP,SFO,0601,0632,94,0748,0752,0,
2015,1,1,4,OO,6420,N924SW,PSP,DEN,0601,0812,131,1107,1136,0,
2015,1,1,4,UA,223,N816UA,SAT,IAH,0602,0610,58,0655,0700,0,
2015,1,1,4,UA,996,N406UA,LAX,EWR,0603,0603,319,1342,1350,0,
2015,1,1,4,UA,1721,N75425,LAX,SFO,0603,0601,87,0708,0716,0,
2015,1,1,4,EV,4390,N15986,CLE,IAD,0603,0558,82,0700,0724,0,
2015,1,1,4,EV,5732,N833AS,CAE,IAD,0603,0605,82,0728,0732,0,
2015,1,1,4,F9,756,N948FR,PHX,DEN,0603,0603,107,0747,0754,0,
2015,1,1,4,UA,234,N838UA,SMF,IAH,0605,0613,216,1155,1200,0,
2015,1,1,4,UA,415,N509UA,JFK,SFO,0605,0605,404,0933,0945,0,
2015,1,1,4,US,647,N664AW,BOS,PHX,0605,0614,369,1023,1027,0,
2015,1,1,4,US,829,N723UW,BOS,CLT,0605,0601,147,0826,0829,0,
2015,1,1,4,US,1743,N839AW,DTW,MIA,0605,0601,186,0840,0845,0,
2015,1,1,4,UA,1023,N73276,FLL,EWR,0605,0600,174,0843,0849,0,
2015,1,1,4,WN,2505,N467WN,GEG,DEN,0605,0604,140,0909,0916,0,
2015,1,1,4,WN,239,N653SW,SAT,STL,0605,0559,120,0739,0743,0,
2015,1,1,4,WN,474,N614SW,ONT,DEN,0605,0609,140,0918,0925,0,
2015,1,1,4,UA,1245,N39726,CLE,EWR,0605,0602,91,0707,0715,0,
2015,1,1,4,US,560,N663AW,DFW,PHX,0605,0612,157,0747,0750,0,
2015,1,1,4,AA,310,N201AA,MFE,DFW,0605,,95,,,1,B
2015,1,1,4,AA,375,N4WLAA,STL,DFW,0605,0557,120,0742,0748,0,
2015,1,1,4,AA,378,N3BGAA,SJU,MIA,0605,0557,165,0741,0801,0,
2015,1,1,4,AA,1291,N4XYAA,MKE,DFW,0605,0605,175,0837,0849,0,
2015,1,1,4,AS,320,N622AS,SEA,SFO,0605,0602,125,0800,0807,0,
2015,1,1,4,AS,602,N407AS,SEA,LAS,0605,0602,140,0820,0825,0,
2015,1,1,4,B6,233,N247JB,BTV,JFK,0605,0553,88,0655,0717,0,
2015,1,1,4,B6,601,N559JB,JFK,FLL,0605,0603,188,0848,0911,0,
2015,1,1,4,B6,735,N821JB,SFO,LGB,0605,0557,81,0709,0712,0,
2015,1,1,4,B6,922,N809JB,PBI,BOS,0605,0621,172,0917,0925,0,
2015,1,1,4,B6,1184,N641JB,MCO,JFK,0605,0600,146,0826,0841,0,
2015,1,1,4,B6,1434,N503JB,SJU,MCO,0605,0738,188,0935,0941,0,
2015,1,1,4,DL,1065,N975DL,BDL,ATL,0605,0601,172,0825,0831,0,
2015,1,1,4,DL,1456,N3759,RDU,ATL,0605,0701,90,0809,0814,0,
2015,1,1,4,DL,1723,N336NB,SFO,SLC,0605,0604,109,0847,0852,0,
2015,1,1,4,EV,4642,N14143,TUS,IAH,0605,0613,142,0939,0946,0,
2015,1,1,4,EV,4928,N933EV,PIA,ATL,0605,0600,116,0832,0837,0,
2015,1,1,4,F9,609,N223FR,IND,DEN,0605,0556,177,0635,0643,0,
2015,1,1,4,F9,821,N920FR,MCI,DEN,0605,0607,109,0653,0700,0,
2015,1,1,4,F9,133,N951FR,DFW,DEN,0605,0702,122,0751,0759,0,
2015,1,1,4,MQ,2881,N907MQ,FSM,DFW,0605,,70,,,1,B
2015,1,1,4,MQ,2771,N667MQ,AEX,DFW,0605,,80,,,1,B
2015,1,1,4,MQ,3288,N838MQ,SPS,DFW,0605,,45,,,1,B
2015,1,1,4,MQ,3328,N640MQ,ACT,DFW,0605,,45,,,1,B
2015,1,1,4,MQ,3408,N625MQ,SJT,DFW,0605,,60,,,1,B
2015,1,1,4,MQ,3643,N923MQ,JAN,DFW,0605,,100,,,1,B
2015,1,1,4,HA,286,N480HA,HNL,OGG,0605,0600,36,0634,0640,0,
2015,1,1,4,OO,5181,N788SK,OKC,LAX,0605,0602,199,0727,0733,0,
2015,1,1,4,OO,6499,N945SW,FAR,DEN,0605,0610,141,0709,0723,0,
2015,1,1,4,UA,1160,N76522,SFO,IAH,0606,0601,233,1133,1157,0,
2015,1,1,4,UA,1601,N37466,EWR,FLL,0606,0558,189,0834,0838,0,
2015,1,1,4,OO,6461,N959SW,MTJ,DEN,0606,0559,69,0707,0717,0,
2015,1,1,4,NK,606,N623NK,RSW,DTW,0607,0601,166,0850,0900,0,
2015,1,1,4,OO,7389,N561SW,GCC,RKS,0607,0602,77,0711,0715,0,
2015,1,1,4,UA,220,N813UA,MSY,EWR,0608,0606,172,0938,0946,0,
2015,1,1,4,UA,654,N422UA,ORD,MCO,0608,0603,163,0921,0930,0,
2015,1,1,4,EV,6119,N16951,RIC,ORD,0608,0608,137,0723,0729,0,
2015,1,1,4,OO,5456,N920SW,RDM,SFO,0608,0559,102,0721,0727,0,
2015,1,1,4,HA,205,N484HA,OGG,HNL,0609,0601,32,0632,0637,0,
2015,1,1,4,OO,4494,N431SW,SJC,SLC,0609,0559,122,0916,0923,0,
2015,1,1,4,OO,5370,N979SW,ORD,MBS,0610,0607,66,0757,0803,0,
2015,1,1,4,US,1709,N677AW,EWR,CLT,0610,0616,121,0820,0826,0,
2015,1,1,4,WN,828,N8303R,PHX,BWI,0610,0610,250,1152,1156,0,
2015,1,1,4,UA,1632,N37464,SEA,IAD,0610,0605,294,1330,1335,0,
2015,1,1,4,UA,1725,N72405,LAS,SFO,0610,0606,96,0721,0726,0,
2015,1,1,4,AA,168,N5BSAA,DFW,MIA,0610,0603,163,0922,0935,0,
2015,1,1,4,AA,1315,N424AA,BNA,DFW,0610,,135,,,1,B
2015,1,1,4,AA,1336,N3LCAA,PHX,DFW,0610,0603,135,0909,0919,0,
2015,1,1,4,AA,1619,N3AMAA,BOS,MIA,0610,0605,216,0917,0929,0,
2015,1,1,4,AA,1686,N4XXAA,LAX,STL,0610,0609,215,1131,1134,0,
2015,1,1,4,AS,345,N469AS,OAK,SEA,0610,0608,119,0756,0801,0,
2015,1,1,4,AS,454,N442AS,SEA,LAX,0610,0611,155,0832,0841,0,
2015,1,1,4,B6,57,N348JB,BOS,IAD,0610,0603,111,0734,0737,0,
2015,1,1,4,B6,24,N923JB,LAX,JFK,0610,0620,314,1409,1413,0,
2015,1,1,4,B6,1279,N355JB,DCA,FLL,0610,0603,155,0825,0831,0,
2015,1,1,4,B6,1836,N281JB,DTW,BOS,0610,0603,118,0729,0733,0,
2015,1,1,4,AA,1361,N3KYAA,BNA,LAX,0610,0607,285,0832,0847,0,
2015,1,1,4,DL,327,N692DL,PHL,ATL,0610,0608,155,0807,0814,0,
2015,1,1,4,DL,1492,N819DN,PHX,MSP,0610,0756,186,1141,1149,0,
2015,1,1,4,B6,1554,N760JB,SJU,FLL,0610,0625,163,0805,0812,0,
2015,1,1,4,EV,4556,N41104,VPS,IAH,0610,0607,119,0757,0806,0,
2015,1,1,4,EV,6071,N14186,GUC,DEN,0610,0617,59,0710,0721,0,
2015,1,1,4,F9,1252,N910FR,MIA,LGA,0610,0648,175,0931,0945,0,
2015,1,1,4,MQ,3323,N613MQ,RIC,MIA,0610,0609,161,0831,0836,0,
2015,1,1,4,MQ,3601,N530MQ,DTW,LGA,0610,0603,105,0723,0730,0,
2015,1,1,4,MQ,3551,N663MQ,ORF,MIA,0610,0605,156,0838,0842,0,
2015,1,1,4,OO,5572,N970SW,MOT,DEN,0610,0600,133,0644,0654,0,
2015,1,1,4,AA,1312,N021AA,STL,MIA,0611,0603,169,0923,0932,0,
2015,1,1,4,B6,269,N834JB,BOS,FLL,0611,0607,213,0918,0924,0,
2015,1,1,4,EV,4506,N12552,MLU,IAH,0612,0641,73,0742,0753,0,
2015,1,1,4,OO,5337,N961SW,MAF,DEN,0612,,116,,,1,B
2015,1,1,4,NK,562,N510NK,LAX,LAS,0613,0608,68,0706,0712,0,
2015,1,1,4,UA,416,N496UA,PDX,ORD,0614,0612,235,1149,1156,0,
2015,1,1,4,B6,1403,N763JB,JFK,SJU,0614,0612,223,1029,1034,0,
2015,1,1,4,HA,107,N476HA,KOA,HNL,0614,0620,42,0701,0707,0,
2015,1,1,4,OO,4681,N783CA,EUG,SLC,0614,0607,115,0855,0859,0,
2015,1,1,4,US,1754,N815AW,RNO,PHX,0615,0605,107,0853,0857,0,
2015,1,1,4,US,1789,N543UW,PHX,CLT,0615,0629,228,1144,1156,0,
2015,1,1,4,WN,1966,N466WN,CMH,ATL,0615,0831,110,0949,1001,0,
2015,1,1,4,WN,2351,N7728D,HOU,ATL,0615,0612,110,0850,0858,0,
2015,1,1,4,WN,137,N621SW,HOU,PHX,0615,0613,175,0802,0806,0,
2015,1,1,4,AA,1125,N3KCAA,DTW,DFW,0615,,185,,,1,B
2015,1,1,4,AA,1165,N3ACAA,BOS,JFK,0615,0613,75,0713,0717,0,
2015,1,1,4,AA,1581,N3KGAA,DFW,DCA,0615,,164,,,1,B
2015,1,1,4,AA,2253,N437AA,MSP,DFW,0615,0618,165,0845,0854,0,
2015,1,1,4,AS,504,N627AS,SEA,SNA,0615,0609,155,0840,0845,0,
2015,1,1,4,B6,99,N274JB,BDL,DCA,0615,0607,100,0727,0732,0,
2015,1,1,4,B6,962,N709JB,SJU,BOS,0615,0731,247,1047,1052,0,
2015,1,1,4,B6,2006,N566JB,FLL,EWR,0615,0615,165,0903,0908,0,
2015,1,1,4,DL,828,N910AT,MOB,ATL,0615,0613,68,0804,0810,0,
2015,1,1,4,DL,978,N693DL,SAN,SLC,0615,0611,121,0900,0906,0,
2015,1,1,4,DL,985,N352NW,LAS,SLC,0615,0609,86,0822,0828,0,
2015,1,1,4,DL,1275,N920DN,DCA,DTW,0615,0609,100,0747,0758,0,
2015,1,1,4,DL,2384,N361NB,SMF,SLC,0615,0608,98,0904,0909,0,
2015,1,1,4,DL,1610,N385DN,DEN,DTW,0615,0613,184,1029,1035,0,
2015,1,1,4,DL,1866,N827DN,SFO,ATL,0615,0616,270,1338,1342,0,
2015,1,1,4,DL,1919,N321NB,LGA,MSP,0615,0611,189,0816,0820,0,
2015,1,1,4,EV,2522,N879AS,LAW,DFW,0615,1219,55,1316,1326,0,
2015,1,1,4,EV,2512,N901EV,BRO,DFW,0615,0604,95,0721,0726,0,
2015,1,1,4,EV,2572,N876AS,PIB,MEI,0615,0607,45,0646,0649,0,
2015,1,1,4,EV,4531,N14204,CHS,IAH,0615,0623,172,0833,0843,0,
2015,1,1,4,EV,4655,N13202,MEM,IAH,0615,0621,110,0802,0814,0,
2015,1,1,4,EV,5123,N847AS,MGM,ATL,0615,0609,51,0749,0754,0,
2015,1,1,4,F9,582,N221FR,SLC,DEN,0615,0617,92,0754,0801,0,
2015,1,1,4,F9,439,N931FR,OMA,DEN,0615,0609,105,0641,0648,0,
2015,1,1,4,MQ,2958,N657MQ,FAR,DFW,0615,,180,,,1,B
2015,1,1,4,MQ,3432,N546MQ,DCA,JFK,0615,0859,63,0950,0959,0,
2015,1,1,4,MQ,3613,N932MQ,MSN,DFW,0615,,160,,,1,B
2015,1,1,4,MQ,3568,N528MQ,CMH,LGA,0615,0610,95,0724,0730,0,
2015,1,1,4,OO,5348,N562SW,SBP,LAX,0615,0613,71,0711,0717,0,
2015,1,1,4,OO,5256,N789SK,COS,IAH,0615,0614,139,0942,0947,0,
2015,1,1,4,OO,4747,N810SK,OAK,SLC,0615,0612,110,0857,0904,0,
2015,1,1,4,OO,5464,N296SW,LAR,DEN,0615,0611,53,0709,0719,0,
2015,1,1,4,OO,5608,N930SW,SAN,LAX,0615,0614,52,0655,0702,0,
2015,1,1,4,OO,5636,N237SW,BFL,SFO,0615,0608,95,0737,0740,0,
2015,1,1,4,OO,6571,N886AS,DRO,PHX,0615,0631,84,0829,0835,0,
2015,1,1,4,OO,6573,N468CA,MRY,PHX,0615,0610,106,0837,0846,0,
2015,1,1,4,OO,6616,N897SK,FAT,PHX,0615,0614,100,0900,0905,0,
2015,1,1,4,NK,612,N635NK,MSP,ORD,0616,0618,89,0717,0726,0,
2015,1,1,4,NK,940,N508NK,DFW,ORD,0616,0619,139,0807,0818,0,
2015,1,1,4,OO,6368,N874AS,BIS,DEN,0617,0613,120,0648,0708,0,
2015,1,1,4,HA,101,N492HA,ITO,HNL,0618,0617,49,0703,0708,0,
2015,1,1,4,B6,762,N775JB,PBI,LGA,0619,0631,158,0903,0908,0,
2015,1,1,4,OO,5249,N118SY,SAT,ORD,0619,0648,172,0857,0908,0,
2015,1,1,4,UA,207,N446UA,FLL,IAH,0620,0614,171,0801,0806,0,
2015,1,1,4,US,1931,N833AW,BUF,CLT,0620,0625,119,0815,0823,0,
2015,1,1,4,UA,732,N824UA,SEA,ORD,0620,0613,236,1141,1148,0,
2015,1,1,4,WN,698,N422WN,CMH,FLL,0620,0623,170,0858,0901,0,
2015,1,1,4,WN,799,N7736A,LAS,HOU,0620,0618,170,1104,1108,0,
2015,1,1,4,WN,687,N789SW,PVD,MCO,0620,0631,190,0919,0926,0,
2015,1,1,4,WN,823,N7707C,SAN,BWI,0620,0620,295,1346,1352,0,
2015,1,1,4,WN,603,N461WN,SAN,MDW,0620,0617,250,1154,1201,0,
2015,1,1,4,WN,885,N276WN,SMF,PHX,0620,0615,120,0903,0910,0,
2015,1,1,4,UA,1192,N69804,SAN,DEN,0620,0618,145,0926,0936,0,
2015,1,1,4,UA,1568,N24212,SAN,EWR,0620,0615,320,1346,1358,0,
2015,1,1,4,US,460,N640AW,SJC,PHX,0620,0614,113,0859,0904,0,
2015,1,1,4,AA,269,N557AA,SJC,DFW,0620,,215,,,1,B
2015,1,1,4,AA,1186,N5CPAA,DFW,BOS,0620,0614,205,1035,1040,0,
2015,1,1,4,AA,1390,N496AA,SAN,DFW,0620,0612,185,1057,1101,0,
2015,1,1,4,AA,2420,N3ERAA,LAX,DFW,0620,0619,180,1103,1119,0,
2015,1,1,4,AS,545,N519AS,ONT,SEA,0620,0613,160,0840,0850,0,
2015,1,1,4,AA,955,N3AAAA,RDU,MIA,0620,0612,130,0836,0840,0,
2015,1,1,4,DL,2129,N911DA,ROC,ATL,0620,0623,151,0836,0841,0,
2015,1,1,4,DL,1518,N591NW,MCO,ATL,0620,0613,91,0736,0742,0,
2015,1,1,4,DL,1588,N327NB,DCA,MSP,0620,0619,165,0807,0811,0,
2015,1,1,4,EV,4468,N14125,CAE,IAH,0620,0621,161,0820,0825,0,
2015,1,1,4,EV,5534,N695CA,BTR,ATL,0620,0620,88,0829,0834,0,
2015,1,1,4,F9,1338,N906FR,IAD,MSP,0620,0609,165,0743,0750,0,
2015,1,1,4,MQ,3205,N680MQ,SAV,DFW,0620,,185,,,1,B
2015,1,1,4,MQ,3173,N614MQ,GRI,DFW,0620,,120,,,1,B
2015,1,1,4,NK,470,N534NK,PDX,SAN,0620,0616,140,0823,0828,0,
2015,1,1,4,NK,742,N632NK,DFW,MSP,0620,0625,139,0831,0834,0,
2015,1,1,4,OO,4762,N935SW,PSP,SLC,0620,0630,106,0910,0915,0,
2015,1,1,4,OO,4716,N8903A,ISN,MSP,0620,0617,117,0804,0810,0,
2015,1,1,4,OO,5616,N961SW,HLN,DEN,0620,0620,118,0807,0821,0,
2015,1,1,4,UA,1026,N39423,MCO,IAH,0621,0637,153,0807,0814,0,
2015,1,1,4,B6,1481,N318JB,BOS,RIC,0621,0616,113,0758,0803,0,
2015,1,1,4,F9,344,N932FR,BZN,DEN,0622,0613,93,0733,0743,0,
2015,1,1,4,OO,4624,N822SK,FAT,SLC,0622,0620,108,0918,0922,0,
2015,1,1,4,OO,6372,N742SK,FSD,DEN,0622,0626,110,0700,0710,0,
2015,1,1,4,NK,200,N530NK,IAH,ORD,0623,0620,152,0830,0840,0,
2015,1,1,4,UA,206,N487UA,EWR,IAH,0624,0623,239,0916,0920,0,
2015,1,1,4,DL,1515,N902DE,PIT,DTW,0624,0621,86,0711,0719,0,
2015,1,1,4,US,1982,N152UW,FLL,CLT,0625,0616,117,0802,0812,0,
2015,1,1,4,UA,525,N471UA,MIA,EWR,0625,0624,181,0911,0929,0,
2015,1,1,4,WN,871,N7814B,DEN,ATL,0625,0625,175,1052,1101,0,
2015,1,1,4,WN,343,N8649A,MDW,PHX,0625,0625,240,0931,0936,0,
2015,1,1,4,US,598,N561UW,LAX,PHL,0625,0624,299,1358,1407,0,
2015,1,1,4,AA,127,N3GHAA,IAD,DFW,0625,0622,210,0856,0912,0,
2015,1,1,4,AA,387,N4XXAA,LAX,AUS,0625,,175,,,1,A
2015,1,1,4,AA,1079,N3KKAA,CLT,DFW,0625,0620,175,0816,0827,0,
2015,1,1,4,AA,1207,N3DPAA,PHL,DFW,0625,0909,235,1156,1207,0,
2015,1,1,4,AA,1343,N3GLAA,DFW,CLT,0625,0618,140,0923,0927,0,
2015,1,1,4,AA,1635,N025AA,ATL,DFW,0625,,150,,,1,B
2015,1,1,4,AA,2379,N3KPAA,RDU,DFW,0625,0618,195,0831,0845,0,
2015,1,1,4,AA,2272,N514AA,SAT,DFW,0625,0619,70,0708,0713,0,
2015,1,1,4,AS,124,N593AS,FAI,SEA,0625,0614,205,1051,1054,0,
2015,1,1,4,B6,70,N228JB,FLL,BOS,0625,0624,180,0926,0930,0,
2015,1,1,4,B6,966,N580JB,RSW,BOS,0625,0628,178,0920,0926,0,
2015,1,1,4,DL,891,N924DN,MIA,ATL,0625,0621,120,0801,0806,0,
2015,1,1,4,DL,2234,N970DL,BWI,MSP,0625,0709,171,0848,0852,0,
2015,1,1,4,DL,2480,N979AT,MDT,ATL,0625,0619,146,0811,0816,0,
2015,1,1,4,B6,2180,N368JB,EWR,BOS,0625,0619,68,0715,0722,0,
2015,1,1,4,EV,5221,N921EV,SCE,DTW,0625,0610,87,0720,0727,0,
2015,1,1,4,F9,308,N935FR,GEG,DEN,0625,0618,132,0924,0931,0,
2015,1,1,4,MQ,3609,N836MQ,LEX,DFW,0625,,160,,,1,B
2015,1,1,4,MQ,3634,N606MQ,VPS,DFW,0625,,135,,,1,B
2015,1,1,4,NK,969,N516NK,BWI,ORD,0625,0619,129,0727,0738,0,
2015,1,1,4,OO,6557,N889AS,SBA,PHX,0625,0622,90,0855,0907,0,
2015,1,1,4,OO,6564,N896SK,SBP,PHX,0625,0617,101,0849,0855,0,
2015,1,1,4,EV,4418,N14153,PNS,IAH,0626,0620,106,0759,0808,0,
2015,1,1,4,OO,6230,N727SK,COS,DEN,0626,0620,53,0701,0710,0,
2015,1,1,4,EV,3272,N23139,CLE,ORD,0627,0623,87,0638,0644,0,
2015,1,1,4,HA,104,N477HA,LIH,HNL,0628,0621,32,0645,0651,0,
2015,1,1,4,OO,7396,N675BR,TWF,SLC,0628,0627,52,0718,0721,0,
2015,1,1,4,DL,1592,N723TW,SAN,ATL,0629,0628,241,1306,1311,0,
2015,1,1,4,UA,195,N69818,BDL,ORD,0630,0641,159,0810,0814,0,
2015,1,1,4,US,649,N912UY,LAX,PHX,0630,0625,79,0835,0853,0,
2015,1,1,4,US,674,N831AW,EWR,PHX,0630,0630,341,1030,1033,0,
2015,1,1,4,US,835,N293AY,PHL,CLT,0630,0630,104,0804,0812,0,
2015,1,1,4,UA,572,N404UA,AUS,IAH,0630,0658,61,0746,0751,0,
2015,1,1,4,UA,577,N458UA,SFO,EWR,0630,0746,329,1547,1554,0,
2015,1,1,4,OO,5628,N507CA,RNO,SFO,0630,0619,73,0733,0737,0,
2015,1,1,4,WN,4570,N8611F,SEA,MDW,0630,0634,240,1216,1221,0,
2015,1,1,4,WN,660,N275WN,SJU,TPA,0630,0629,190,0838,0843,0,
2015,1,1,4,UA,1231,N17229,HNL,LAX,0630,0632,338,1338,1353,0,
2015,1,1,4,US,401,N732US,CLT,PHL,0630,0623,93,0758,0802,0,
2015,1,1,4,US,433,N601AW,JFK,PHX,0630,0628,348,1019,1023,0,
2015,1,1,4,US,567,N524UW,SAN,PHX,0630,0623,83,0828,0900,0,
2015,1,1,4,US,595,N519UW,ONT,PHX,0630,0914,74,1116,1120,0,
2015,1,1,4,AA,148,N3EJAA,MIA,CLT,0630,0624,125,0815,0824,0,
2015,1,1,4,AA,330,N3EWAA,PBI,ORD,0630,0626,190,0829,0848,0,
2015,1,1,4,AA,1381,N492AA,EWR,DFW,0630,0627,245,0936,0945,0,
2015,1,1,4,AS,157,N762AS,ANC,OTZ,0630,0622,102,0757,0802,0,
2015,1,1,4,AS,499,N551AS,SAN,SEA,0630,0627,180,0908,0921,0,
2015,1,1,4,AS,573,N467AS,SAN,PDX,0630,0624,160,0857,0902,0,
2015,1,1,4,B6,23,N937JB,JFK,LAX,0630,0627,377,0941,0951,0,
2015,1,1,4,B6,1099,N508JB,LGA,MCO,0630,0629,181,0858,0901,0,
2015,1,1,4,B6,929,N526JB,JFK,RSW,0630,0628,195,0924,0928,0,
2015,1,1,4,B6,1285,N184JB,BOS,PIT,0630,0649,118,0826,0830,0,
2015,1,1,4,DL,418,N706TW,SFO,JFK,0630,0628,325,1427,1435,0,
2015,1,1,4,DL,783,N962DN,MSP,ATL,0630,0626,158,0944,0952,0,
2015,1,1,4,DL,1984,N946DN,AUS,ATL,0630,0625,127,0911,0915,0,
2015,1,1,4,DL,2114,N397DA,COS,ATL,0630,0632,175,1113,1118,0,
2015,1,1,4,DL,2283,N695DL,DTW,ATL,0630,0628,135,0808,0814,0,
2015,1,1,4,DL,2370,N339NB,MSY,LGA,0630,0624,168,0954,1015,0,
2015,1,1,4,DL,1598,N669DN,SEA,ATL,0630,0631,275,1405,1418,0,
2015,1,1,4,DL,1809,N970AT,EWR,ATL,0630,0629,167,0835,0839,0,
2015,1,1,4,DL,1872,N6705Y,TPA,ATL,0630,0629,88,0739,0743,0,
2015,1,1,4,EV,2549,N909EV,BPT,DFW,0630,0630,70,0729,0741,0,
2015,1,1,4,EV,3261,N13123,RIC,IAD,0630,0629,57,0706,0720,0,
2015,1,1,4,EV,3929,N13118,EWR,JAX,0630,0630,159,0850,0856,0,
2015,1,1,4,EV,4306,N13970,GPT,IAH,0630,0623,87,0744,0752,0,
2015,1,1,4,F9,295,N202FR,TPA,DEN,0630,0750,245,0937,0944,0,
2015,1,1,4,F9,711,N203FR,RSW,DEN,0630,0647,254,0847,0853,0,
2015,1,1,4,F9,1246,N912FR,DEN,DFW,0630,0634,110,0920,0937,0,
2015,1,1,4,F9,1108,N947FR,CLE,MCO,0630,0628,140,0834,0844,0,
2015,1,1,4,MQ,2913,N600MQ,GPT,DFW,0630,,115,,,1,B
2015,1,1,4,MQ,3649,N935MQ,MGM,DFW,0630,,135,,,1,B
2015,1,1,4,OO,2604,N693BR,SAN,LAX,0630,0620,55,0702,0709,0,
2015,1,1,4,NK,379,N503NK,ACY,MYR,0630,0621,95,0810,0815,0,
2015,1,1,4,OO,5381,N937SW,STC,ORD,0630,0623,86,0752,0803,0,
2015,1,1,4,OO,4553,N820SK,BOI,LAX,0630,0624,130,0724,0731,0,
2015,1,1,4,OO,5186,N471CA,SFO,SAN,0630,0637,92,0755,0758,0,
2015,1,1,4,OO,5581,N755SK,MSP,LAX,0630,0630,240,0825,0842,0,
2015,1,1,4,OO,6588,N885AS,BFL,PHX,0630,0630,93,0856,0902,0,
2015,1,1,4,UA,1534,N75432,TPA,ORD,0631,0629,168,0805,0814,0,
2015,1,1,4,EV,5764,N832AS,ORD,IAD,0632,0627,112,0858,0907,0,
2015,1,1,4,HA,114,N493HA,HNL,OGG,0632,0627,36,0656,0702,0,
2015,1,1,4,B6,675,N294JB,JFK,MSY,0633,0625,211,0902,0906,0,
2015,1,1,4,OO,5297,N908SW,MKE,ORD,0633,0623,54,0656,0702,0,
2015,1,1,4,UA,410,N403UA,MIA,ORD,0635,0633,200,0903,0914,0,
2015,1,1,4,US,700,N675AW,SEA,PHL,0635,0627,301,1402,1413,0,
2015,1,1,4,WN,1926,N7745A,SAT,ATL,0635,0634,135,0927,0940,0,
2015,1,1,4,WN,1119,N965WN,PDX,MDW,0635,0632,235,1219,1224,0,
2015,1,1,4,US,474,N604AW,LAS,PHX,0635,0628,71,0826,0833,0,
2015,1,1,4,AA,129,N4WPAA,JAX,DFW,0635,0648,170,0822,0833,0,
2015,1,1,4,AA,1349,N4XJAA,MSY,DFW,0635,,100,,,1,B
2015,1,1,4,AA,1543,N486AA,PIT,DFW,0635,0627,200,0821,0828,0,
2015,1,1,4,AA,2220,N586AA,COS,DFW,0635,0623,120,0916,0926,0,
2015,1,1,4,AS,240,N569AS,SEA,SAN,0635,0629,163,0906,0910,0,
2015,1,1,4,AS,576,N323AS,PDX,SAN,0635,0628,139,0839,0842,0,
2015,1,1,4,AS,724,N612AS,SEA,SLC,0635,0625,121,0922,0926,0,
2015,1,1,4,B6,475,N599JB,PVD,MCO,0635,0629,190,0941,0953,0,
2015,1,1,4,B6,1467,N216JB,HPN,PBI,0635,0624,176,0859,0905,0,
2015,1,1,4,AA,1441,N3GYAA,JFK,LAS,0635,0656,350,1002,1010,0,
2015,1,1,4,DL,2005,N990DL,MLB,ATL,0635,0632,95,0747,0753,0,
2015,1,1,4,DL,2290,N963DN,PIT,ATL,0635,0633,129,0758,0803,0,
2015,1,1,4,DL,1864,N360NW,SAN,MSP,0635,0632,224,1159,1209,0,
2015,1,1,4,EV,5579,N136EV,ABE,ATL,0635,0628,139,0831,0834,0,
2015,1,1,4,MQ,3443,N635MQ,SPI,DFW,0635,,135,,,1,B
2015,1,1,4,OO,4758,N440SW,PLN,DTW,0635,0626,79,0744,0753,0,
2015,1,1,4,OO,3460,N219AG,PDX,ONT,0635,0635,134,0832,0836,0,
2015,1,1,4,UA,665,N401UA,RSW,EWR,0638,0632,172,0906,0915,0,
2015,1,1,4,DL,1056,N922DX,SJC,MSP,0639,0634,231,1222,1228,0,
2015,1,1,4,OO,4577,N455SW,CIU,DTW,0640,0637,84,0741,0747,0,
2015,1,1,4,US,1718,N939UW,MCO,CLT,0640,0637,96,0758,0808,0,
2015,1,1,4,US,1943,N508AY,BWI,CLT,0640,0637,94,0806,0812,0,
2015,1,1,4,US,1946,N915US,EWR,CLT,0640,0648,121,0827,0832,0,
2015,1,1,4,WN,795,N968WN,AUS,ATL,0640,0637,130,0925,0931,0,
2015,1,1,4,WN,692,N221WN,CAK,MCO,0640,0636,150,0847,0854,0,
2015,1,1,4,WN,1170,N902WN,FLL,LAS,0640,0639,330,0852,0855,0,
2015,1,1,4,WN,653,N934WN,MKE,LAS,0640,0635,245,0827,0833,0,
2015,1,1,4,WN,890,N717SA,PHX,MDW,0640,0633,195,1034,1039,0,
2015,1,1,4,WN,832,N8616C,SJC,LAS,0640,0640,85,0753,0800,0,
2015,1,1,4,UA,1284,N11206,LAS,EWR,0640,0639,289,1343,1352,0,
2015,1,1,4,UA,1748,N16703,ORD,EWR,0640,0643,125,0917,0947,0,
2015,1,1,4,AA,1305,N456AA,DSM,DFW,0640,0633,140,0850,0857,0,
2015,1,1,4,AA,1285,N576AA,IAH,DFW,0640,,70,,,1,B
2015,1,1,4,AA,1562,N475AA,RIC,DFW,0640,0636,220,0901,0913,0,
2015,1,1,4,AS,548,N306AS,BLI,SEA,0640,0632,37,0724,0731,0,
2015,1,1,4,AS,558,N307AS,PDX,LAX,0640,0643,144,0843,0859,0,
2015,1,1,4,AS,560,N435AS,SEA,PSP,0640,0636,152,0852,0856,0,
2015,1,1,4,AS,569,N471AS,LAX,PDX,0640,0639,150,0859,0903,0,
2015,1,1,4,AS,662,N302AS,SEA,DFW,0640,0633,222,1222,1232,0,
2015,1,1,4,AS,709,N769AS,SLC,SJC,0640,0747,123,0830,0833,0,
2015,1,1,4,AA,2476,N3LEAA,BDL,MIA,0640,0634,206,0931,1026,0,
2015,1,1,4,DL,1332,N540US,RSW,ATL,0640,0640,108,0815,0820,0,
2015,1,1,4,DL,2135,N990AT,TPA,LGA,0640,0634,154,0854,0903,0,
2015,1,1,4,DL,2276,N909DE,MCO,LGA,0640,0638,153,0857,0906,0,
2015,1,1,4,DL,2566,N913DN,SFO,MSP,0640,0636,228,1215,1223,0,
2015,1,1,4,EV,2506,N904EV,CRP,DFW,0640,0638,80,0744,0749,0,
2015,1,1,4,EV,2555,N830AS,SHV,DFW,0640,0656,65,0753,0759,0,
2015,1,1,4,EV,2561,N877AS,BTR,DFW,0640,0639,85,0758,0813,0,
2015,1,1,4,EV,2537,N902EV,MLU,DFW,0640,0643,80,0746,0750,0,
2015,1,1,4,MQ,2775,N613MQ,PIA,DFW,0640,,145,,,1,B
2015,1,1,4,MQ,2966,N855MQ,ROW,DFW,0640,,85,,,1,B
2015,1,1,4,MQ,3359,N905MQ,FWA,DFW,0640,,170,,,1,B
2015,1,1,4,MQ,3476,N653MQ,CHS,MIA,0640,0634,100,0824,0831,0,
2015,1,1,4,MQ,3589,N692MQ,GSO,MIA,0640,0637,136,0852,0855,0,
2015,1,1,4,NK,705,N588NK,LGA,FLL,0640,0828,186,1114,1123,0,
2015,1,1,4,NK,567,N504NK,DTW,ATL,0640,0638,114,0813,0823,0,
2015,1,1,4,NK,417,N587NK,DTW,FLL,0640,0643,186,0924,0930,0,
2015,1,1,4,OO,3456,N217AG,PDX,BUR,0640,0638,130,0844,0847,0,
2015,1,1,4,OO,5492,N703SK,MSN,ORD,0640,0643,57,0742,0754,0,
2015,1,1,4,OO,6495,N932EV,COS,LAX,0640,0634,165,0759,0805,0,
2015,1,1,4,OO,5291,N564SW,GCC,DEN,0642,0642,107,0804,0813,0,
2015,1,1,4,UA,536,N852UA,LAX,IAH,0644,0636,197,1132,1139,0,
2015,1,1,4,UA,259,N427UA,SNA,IAH,0645,0653,200,1145,1150,0,
2015,1,1,4,UA,792,N802UA,BUF,ORD,0645,0718,106,0806,0808,0,
2015,1,1,4,VX,922,N361VA,SFO,LAX,0645,0638,80,0741,0749,0,
2015,1,1,4,WN,3213,N8612K,DAL,MDW,0645,0649,140,0832,0839,0,
2015,1,1,4,WN,2599,N912WN,LIT,DAL,0645,0648,75,0753,0758,0,
2015,1,1,4,WN,2199,N400WN,MHT,MCO,0645,0645,205,0945,0952,0,
2015,1,1,4,WN,3739,N780SW,ALB,MCO,0645,0644,195,0926,0931,0,
2015,1,1,4,WN,1188,N783SW,SAT,BWI,0645,0642,185,1021,1025,0,
2015,1,1,4,WN,4563,N642WN,OKC,ATL,0645,0641,125,0946,0952,0,
2015,1,1,4,US,593,N163US,SNA,PHX,0645,0645,86,0850,0859,0,
2015,1,1,4,AA,323,N520AA,DFW,STL,0645,,95,,,1,B
2015,1,1,4,AA,1107,N3ADAA,LGA,DFW,0645,0641,255,0946,0957,0,
2015,1,1,4,AA,1234,N3MCAA,LAS,ORD,0645,0641,210,1148,1157,0,
2015,1,1,4,AA,1283,N3CRAA,BNA,MIA,0645,0641,140,0946,0953,0,
2015,1,1,4,AA,1287,N3BBAA,MSP,MIA,0645,0714,225,1139,1146,0,
2015,1,1,4,AA,1300,N3FRAA,SNA,DFW,0645,0645,185,1130,1136,0,
2015,1,1,4,AA,2326,N3KEAA,MIA,DCA,0645,0718,150,0941,0946,0,
2015,1,1,4,B6,318,N183JB,JFK,BOS,0645,0638,71,0739,0744,0,
2015,1,1,4,B6,1137,N374JB,BOS,DTW,0645,0642,145,0849,0858,0,
2015,1,1,4,DL,716,N944DL,OMA,ATL,0645,0637,144,1447,1451,0,
2015,1,1,4,DL,765,N329NB,PIT,MSP,0645,0642,154,0747,0756,0,
2015,1,1,4,DL,801,N633DL,SNA,ATL,0645,0641,256,1331,1340,0,
2015,1,1,4,DL,827,N678DL,FLL,ATL,0645,0639,114,0813,0820,0,
2015,1,1,4,DL,860,N324NB,SNA,MSP,0645,0642,225,1213,1222,0,
2015,1,1,4,DL,886,N918DL,ATL,LGA,0645,0644,128,0852,0901,0,
2015,1,1,4,DL,1135,N309DE,BHM,ATL,0645,0644,69,0823,0828,0,
2015,1,1,4,DL,1324,N908DE,BNA,ATL,0645,0642,74,0833,0839,0,
2015,1,1,4,AA,1449,N3KDAA,FLL,DFW,0645,,195,,,1,B
2015,1,1,4,DL,246,N391DA,SAN,JFK,0645,0642,314,1421,1428,0,
2015,1,1,4,AA,2395,N469AA,BHM,DFW,0645,0644,135,0839,0855,0,
2015,1,1,4,EV,4438,N26141,HOB,IAH,0645,,97,,,1,B
2015,1,1,4,EV,6042,N21144,LNK,DEN,0645,0717,99,0746,0752,0,
2015,1,1,4,F9,110,N206FR,DEN,MSP,0645,0711,115,0948,0956,0,
2015,1,1,4,F9,782,N219FR,LAS,DEN,0645,0642,109,0930,0942,0,
2015,1,1,4,F9,268,N921FR,SNA,DEN,0645,0638,145,0955,1002,0,
2015,1,1,4,MQ,2965,N637MQ,SGF,DFW,0645,,95,,,1,B
2015,1,1,4,MQ,3009,N651MQ,CMI,DFW,0645,0642,145,0851,0901,0,
2015,1,1,4,MQ,3431,N820MQ,COU,DFW,0645,,120,,,1,B
2015,1,1,4,NK,301,N626NK,BWI,FLL,0645,0649,157,0905,0911,0,
2015,1,1,4,NK,725,N525NK,MCI,IAH,0645,0637,110,0835,0843,0,
2015,1,1,4,OO,6262,N953SW,GTF,DEN,0645,0636,117,0815,0831,0,
2015,1,1,4,OO,4811,N443SW,BNA,CVG,0645,0637,72,0838,0843,0,
2015,1,1,4,OO,6502,N785SK,SNA,SFO,0645,0657,95,0816,0819,0,
2015,1,1,4,OO,6523,N754SK,PHX,LAX,0645,0701,96,0719,0723,0,
2015,1,1,4,OO,4974,N792SK,ATL,IAH,0646,0642,136,0759,0809,0,
2015,1,1,4,OO,7385,N301YV,EKO,SLC,0646,0636,64,0851,0857,0,
2015,1,1,4,B6,1208,N273JB,IAD,JFK,0647,0641,73,0755,0801,0,
2015,1,1,4,HA,338,N481HA,HNL,KOA,0647,0639,42,0717,0723,0,
2015,1,1,4,OO,6291,N706SK,FAT,SFO,0648,0645,67,0743,0748,0,
2015,1,1,4,DL,1212,N582NW,LAX,MSP,0649,0647,218,1214,1218,0,
2015,1,1,4,UA,284,N832UA,PHX,SFO,0650,0751,134,0847,0852,0,
2015,1,1,4,US,1866,N626AW,PIT,CLT,0650,0653,99,0812,0820,0,
2015,1,1,4,US,2071,N553UW,MSP,CLT,0650,0647,160,1001,1017,0,
2015,1,1,4,WN,985,N8315C,BWI,MCO,0650,0643,160,0848,0856,0,
2015,1,1,4,WN,739,N927WN,MSY,ATL,0650,0647,85,0853,0859,0,
2015,1,1,4,WN,2964,N481WN,PHX,DAL,0650,0654,130,1001,1004,0,
2015,1,1,4,UA,1291,N33209,FLL,ORD,0650,0645,202,0854,0912,0,
2015,1,1,4,US,408,N521UW,PHL,PHX,0650,0640,325,1026,1031,0,
2015,1,1,4,AA,338,N3DJAA,LAX,SFO,0650,0644,80,0800,0803,0,
2015,1,1,4,AA,1371,N477AA,MEM,DFW,0650,0641,105,0813,0822,0,
2015,1,1,4,AA,1318,N5CDAA,BOS,DFW,0650,0645,280,1022,1032,0,
2015,1,1,4,AA,1595,N553AA,AUS,DFW,0650,0647,65,0734,0740,0,
2015,1,1,4,AA,2226,N426AA,DFW,TPA,0650,0800,135,1111,1115,0,
2015,1,1,4,AA,2429,N4XPAA,CLE,DFW,0650,0653,195,0841,0850,0,
2015,1,1,4,AA,2424,N3DLAA,LAX,DFW,0650,0641,180,1125,1149,0,
2015,1,1,4,AS,321,N613AS,SJC,SEA,0650,0647,124,0835,0840,0,
2015,1,1,4,AS,582,N611AS,PDX,SNA,0650,0649,139,0855,0859,0,
2015,1,1,4,AS,629,N626AS,LAS,PDX,0650,0637,136,0845,0848,0,
2015,1,1,4,AS,805,N588AS,SEA,SMF,0650,0644,110,0818,0826,0,
2015,1,1,4,B6,148,N659JB,LGB,OAK,0650,0648,82,0759,0803,0,
2015,1,1,4,DL,476,N196DN,LAX,JFK,0650,0650,319,1449,1458,0,
2015,1,1,4,DL,1085,N994AT,AVL,ATL,0650,0658,65,0752,0754,0,
2015,1,1,4,DL,2512,N937AT,HSV,ATL,0650,0651,68,0831,0850,0,
2015,1,1,4,EV,6175,N13124,BNA,ORD,0650,0644,110,0826,0835,0,
2015,1,1,4,MQ,3082,N918MQ,SAF,DFW,0650,,95,,,1,B
2015,1,1,4,MQ,2973,N628MQ,GRR,DFW,0650,,195,,,1,B
2015,1,1,4,MQ,3294,N509MQ,XNA,ORD,0650,0700,110,0822,0830,0,
2015,1,1,4,MQ,3268,N694MQ,SUX,ORD,0650,0646,100,0819,0825,0,
2015,1,1,4,MQ,3419,N939MQ,LFT,DFW,0650,,85,,,1,B
2015,1,1,4,NK,729,N629NK,ORD,TPA,0650,0724,163,1040,1047,0,
2015,1,1,4,OO,5536,N779SK,PSP,IAH,0650,0801,178,1238,1243,0,
2015,1,1,4,OO,5428,N679SA,HYS,DEN,0650,0650,74,0706,0715,0,
2015,1,1,4,UA,464,N434UA,BOS,EWR,0651,0652,86,0750,0801,0,
2015,1,1,4,HA,332,N483HA,HNL,ITO,0651,0738,50,0828,0834,0,
2015,1,1,4,AA,1101,N5ENAA,JFK,MIA,0652,0649,198,0951,1003,0,
2015,1,1,4,NK,111,N522NK,DTW,LAS,0652,0714,273,0847,0851,0,
2015,1,1,4,UA,1077,N37462,EWR,MIA,0653,0649,178,0932,0936,0,
2015,1,1,4,UA,1510,N37255,SAN,IAH,0653,0655,188,1140,1151,0,
2015,1,1,4,UA,204,N810UA,DFW,IAH,0654,0653,69,0751,0802,0,
2015,1,1,4,US,773,N701UW,RIC,CLT,0655,0645,77,0756,0759,0,
2015,1,1,4,US,1960,N644AW,TPA,CLT,0655,0654,100,0819,0828,0,
2015,1,1,4,UA,670,N457UA,TPA,EWR,0655,0654,155,0920,0929,0,
2015,1,1,4,WN,707,N706SW,CAK,ATL,0655,0651,120,0820,0825,0,
2015,1,1,4,WN,537,N799SW,MCO,ATL,0655,0651,95,0806,0826,0,
2015,1,1,4,WN,897,N427WN,ABQ,DAL,0655,0655,105,0940,0943,0,
2015,1,1,4,WN,753,N443WN,PVD,FLL,0655,0656,200,0952,0955,0,
2015,1,1,4,WN,969,N268WN,PHL,FLL,0655,0651,170,0917,0921,0,
2015,1,1,4,WN,4120,N247WN,PHL,LAS,0655,0653,345,0928,0932,0,
2015,1,1,4,AA,299,N857AA,MIA,DEN,0655,0659,267,0916,0923,0,
2015,1,1,4,AA,367,N494AA,TUL,DFW,0655,,75,,,1,A
2015,1,1,4,AA,222,N3JSAA,LAX,BOS,0655,0650,320,1438,1442,0,
2015,1,1,4,AA,1104,N3LAAA,DFW,LGA,0655,0647,190,1039,1043,0,
2015,1,1,4,AA,1373,N549AA,BWI,DFW,0655,0647,220,0926,0937,0,
2015,1,1,4,AA,2401,N858AA,DFW,LAX,0655,,205,,,1,B
2015,1,1,4,B6,16,N934JB,SFO,JFK,0655,0652,322,1501,1508,0,
2015,1,1,4,DL,1071,N932DN,MKE,MSP,0655,0653,90,0812,0815,0,
2015,1,1,4,DL,2090,N698DL,PDX,MSP,0655,0652,203,1158,1206,0,
2015,1,1,4,B6,2324,N206JB,MCO,DCA,0655,0651,124,0848,0851,0,
2015,1,1,4,B6,2702,N571JB,JFK,BUF,0655,0645,94,0805,0807,0,
2015,1,1,4,DL,1651,N954DN,MSP,LAS,0655,0652,218,0745,0752,0,
2015,1,1,4,DL,1818,N555NW,ATL,MCO,0655,0654,87,0807,0815,0,
2015,1,1,4,EV,3924,N14960,MFE,IAH,0655,0647,74,0751,0756,0,
2015,1,1,4,F9,907,N926FR,TTN,RDU,0655,0719,93,0827,0831,0,
2015,1,1,4,MQ,3063,N511MQ,ELP,ORD,0655,,175,,,1,A
2015,1,1,4,MQ,3110,N688MQ,HSV,ORD,0655,0657,130,0836,0846,0,
2015,1,1,4,MQ,3188,N507MQ,ABQ,ORD,0655,0712,155,1032,1105,0,
2015,1,1,4,UA,821,N490UA,RDU,SFO,0657,0657,361,0942,0953,0,
2015,1,1,4,UA,312,N833UA,EWR,LAX,0659,0656,386,0951,1020,0,
2015,1,1,4,US,823,N128UW,DCA,CLT,0659,0655,89,0810,0813,0,
2015,1,1,4,UA,1052,N69838,MCO,EWR,0659,0658,152,0915,0924,0,
2015,1,1,4,AA,1553,N3JNAA,DCA,MIA,0659,0653,165,0913,0924,0,
2015,1,1,4,B6,15,N944JB,JFK,SFO,0659,0659,404,1005,1019,0,
2015,1,1,4,B6,453,N652JB,JFK,PBI,0659,0655,183,0931,0939,0,
2015,1,1,4,DL,1547,N997DL,LGA,ATL,0659,0658,164,0908,0912,0,
2015,1,1,4,OO,6618,N506CA,PSP,PHX,0659,0658,68,0846,0856,0,
2015,1,1,4,OO,5366,N930EV,DVL,JMS,0700,,38,,,1,B
2015,1,1,4,UA,356,N432UA,ALB,ORD,0700,0710,159,0831,0840,0,
2015,1,1,4,UA,392,N456UA,PDX,SFO,0700,0658,113,0831,0836,0,
2015,1,1,4,UA,417,N429UA,EWR,TPA,0700,0659,181,0937,0942,0,
2015,1,1,4,US,852,N715UW,JAX,CLT,0700,0655,87,0802,0807,0,
2015,1,1,4,US,1722,N825AW,CLE,CLT,0700,0652,103,0811,0819,0,
2015,1,1,4,US,1877,N826AW,CLT,MIA,0700,0654,119,0848,0852,0,
2015,1,1,4,US,1961,N566UW,IAH,CLT,0700,0656,142,0953,1013,0,
2015,1,1,4,US,1978,N827AW,IND,CLT,0700,0657,98,0813,0821,0,
2015,1,1,4,US,2064,N538UW,DFW,CLT,0700,0655,148,1022,1030,0,
2015,1,1,4,UA,463,N482UA,LGA,ORD,0700,0658,159,0827,0834,0,
2015,1,1,4,UA,514,N411UA,BOS,IAH,0700,0656,273,1007,1017,0,
2015,1,1,4,UA,521,N854UA,BOS,ORD,0700,0700,178,0906,0911,0,
2015,1,1,4,UA,736,N522UA,SFO,EWR,0700,0659,326,1506,1514,0,
2015,1,1,4,UA,795,N843UA,SNA,DEN,0700,0701,142,1005,1029,0,
2015,1,1,4,UA,1027,N38424,SFO,IAH,0700,0658,232,1229,1235,0,
2015,1,1,4,VX,399,N852VA,JFK,LAX,0700,0655,385,1013,1027,0,
2015,1,1,4,VX,897,N845VA,LAS,SFO,0700,0659,85,0813,0819,0,
2015,1,1,4,WN,473,N423WN,BUF,FLL,0700,0700,195,1007,1012,0,
2015,1,1,4,WN,309,N657SW,BWI,HOU,0700,0658,220,0925,0929,0,
2015,1,1,4,WN,369,N8312C,BWI,LAS,0700,0655,330,0907,0916,0,
2015,1,1,4,WN,4635,N8305E,CLE,PHX,0700,0700,280,0942,0947,0,
2015,1,1,4,WN,1019,N792SW,DCA,DAL,0700,0655,210,0937,0942,0,
2015,1,1,4,WN,194,N939WN,ISP,FLL,0700,0704,185,0958,1003,0,
2015,1,1,4,WN,2511,N7735A,MDW,DAL,0700,0703,150,0921,0926,0,
2015,1,1,4,WN,767,N497WN,MDW,TPA,0700,0659,165,1027,1031,0,
2015,1,1,4,WN,390,N283WN,MSP,MDW,0700,0656,95,0804,0812,0,
2015,1,1,4,WN,443,N628SW,PIT,MCO,0700,0658,150,0901,0908,0,
2015,1,1,4,WN,921,N962WN,SAT,BNA,0700,0655,120,0839,0844,0,
2015,1,1,4,WN,2373,N237WN,HOU,MCO,0700,0700,130,0954,1004,0,
2015,1,1,4,UA,1195,N57864,MCO,SFO,0700,1228,360,1458,1506,0,
2015,1,1,4,UA,1697,N14107,EWR,DEN,0700,0706,270,0935,0943,0,
2015,1,1,4,US,424,N161UW,ORD,PHX,0700,0658,243,0940,0958,0,
2015,1,1,4,US,461,N540UW,ATL,CLT,0700,0658,72,0751,0801,0,
2015,1,1,4,US,568,N565UW,SLC,PHX,0700,0701,109,0838,0850,0,
2015,1,1,4,US,590,N758US,BOI,PHX,0700,0659,128,0906,0910,0,
2015,1,1,4,US,621,N185UW,DCA,PHX,0700,0701,320,1022,1025,0,
2015,1,1,4,AA,9,N792AA,JFK,LAX,0700,0649,380,1019,1026,0,
2015,1,1,4,AA,17,N019AA,ATL,MIA,0700,0656,112,0833,0842,0,
2015,1,1,4,AA,118,N788AA,LAX,JFK,0700,0650,325,1431,1436,0,
2015,1,1,4,AA,68,N5EGAA,SFO,MIA,0700,0703,324,1512,1520,0,
2015,1,1,4,AA,201,N3LJAA,BOS,LAX,0700,0653,395,1039,1045,0,
2015,1,1,4,AA,204,N5DXAA,MIA,LAS,0700,0657,328,0925,0934,0,
2015,1,1,4,AA,309,N4YDAA,DFW,BNA,0700,0652,100,0837,0844,0,
2015,1,1,4,AA,315,N3MAAA,LGA,ORD,0700,0658,165,0830,0843,0,
2015,1,1,4,AA,1242,N489AA,FAT,DFW,0700,0745,195,1247,1300,0,
2015,1,1,4,AA,1247,N3CHAA,BOS,ORD,0700,0659,185,0854,0910,0,
2015,1,1,4,AA,1258,N491AA,LAS,DFW,0700,0656,165,1129,1139,0,
2015,1,1,4,AA,1273,N023AA,MIA,IAH,0700,0823,178,1016,1050,0,
2015,1,1,4,AA,1354,N504AA,DFW,MCO,0700,0655,150,1015,1019,0,
2015,1,1,4,AA,1529,N5DHAA,MCO,LAX,0700,0658,335,0919,0926,0,
2015,1,1,4,AA,1582,N5EYAA,MIA,BOS,0700,0656,193,0953,0958,0,
2015,1,1,4,AA,1699,N425AA,TPA,DFW,0700,0656,170,0829,0840,0,
2015,1,1,4,AA,1507,N3KXAA,SEA,DFW,0700,0656,230,1241,1314,0,
2015,1,1,4,AA,1513,N008AA,DFW,ATL,0700,0655,125,0935,0940,0,
2015,1,1,4,AA,1648,N571AA,TUS,DFW,0700,,130,,,1,B
2015,1,1,4,AA,2291,N859AA,DFW,MIA,0700,,163,,,1,B
2015,1,1,4,AA,2451,N3HTAA,LGA,MIA,0700,0656,197,0939,0957,0,
2015,1,1,4,AS,17,N419AS,EWR,SEA,0700,0701,371,1010,1015,0,
2015,1,1,4,AS,39,N459AS,MSP,SEA,0700,0655,225,0825,0831,0,
2015,1,1,4,AS,112,N527AS,ANC,SEA,0700,0653,210,1108,1115,0,
2015,1,1,4,AS,311,N705AS,PSP,SFO,0700,0651,95,0808,0816,0,
2015,1,1,4,AS,313,N703AS,SFO,SEA,0700,0651,120,0846,0852,0,
2015,1,1,4,AS,405,N565AS,SJC,PDX,0700,0655,105,0835,0840,0,
2015,1,1,4,AS,415,N413AS,PDX,SEA,0700,0658,50,0748,0759,0,
2015,1,1,4,AS,445,N579AS,LAX,SEA,0700,0655,170,0929,0935,0,
2015,1,1,4,AS,466,N309AS,SEA,LAX,0700,0656,165,0930,0939,0,
2015,1,1,4,AS,519,N614AS,SNA,SEA,0700,0645,180,0935,0940,0,
2015,1,1,4,AS,531,N529AS,BUR,SEA,0700,0904,150,1126,1130,0,
2015,1,1,4,AS,615,N320AS,LAS,SEA,0700,0659,154,0920,0927,0,
2015,1,1,4,AS,663,N536AS,PHX,PDX,0700,0653,168,0824,0828,0,
2015,1,1,4,AS,722,N403AS,SLC,LAX,0700,0717,125,0803,0810,0,
2015,1,1,4,AS,833,N566AS,PDX,HNL,0700,0657,370,1048,1053,0,
2015,1,1,4,AS,847,N558AS,SAN,OGG,0700,0656,357,1117,1121,0,
2015,1,1,4,AS,883,N531AS,OAK,LIH,0700,0649,344,1021,1026,0,
2015,1,1,4,B6,288,N806JB,LAX,BOS,0700,0653,319,1441,1445,0,
2015,1,1,4,B6,289,N373JB,BOS,DCA,0700,0650,111,0811,0814,0,
2015,1,1,4,B6,619,N638JB,BOS,SAN,0700,0657,396,1025,1029,0,
2015,1,1,4,B6,723,N804JB,DCA,MCO,0700,0652,143,0856,0902,0,
2015,1,1,4,B6,1109,N651JB,BOS,JAX,0700,0913,188,1216,1219,0,
2015,1,1,4,B6,1121,N561JB,PDX,LGB,0700,0649,136,0852,0856,0,
2015,1,1,4,B6,1031,N339JB,BOS,HOU,0700,0656,276,1025,1026,0,
2015,1,1,4,B6,1039,N296JB,BOS,AUS,0700,0700,295,1045,1049,0,
2015,1,1,4,B6,2007,N594JB,PIT,FLL,0700,0654,168,0920,0925,0,
2015,1,1,4,DL,364,N547US,SEA,LAX,0700,0712,153,0919,0929,0,
2015,1,1,4,DL,400,N381DN,PDX,JFK,0700,0657,313,1438,1445,0,
2015,1,1,4,DL,424,N194DN,JFK,LAX,0700,0702,400,1022,1030,0,
2015,1,1,4,DL,822,N3743H,SEA,DTW,0700,0652,255,1346,1352,0,
2015,1,1,4,DL,854,N667DN,SFO,DTW,0700,0701,273,1422,1428,0,
2015,1,1,4,DL,872,N938DN,DCA,ATL,0700,0703,126,0840,0845,0,
2015,1,1,4,DL,1183,N987DL,ORF,ATL,0700,0701,120,0859,0904,0,
2015,1,1,4,DL,1280,N906DE,DAB,ATL,0700,0658,88,0810,0814,0,
2015,1,1,4,DL,1305,N357NW,PBI,ATL,0700,0659,109,0837,0846,0,
2015,1,1,4,DL,1440,N3766,SLC,MSP,0700,0657,163,1031,1037,0,
2015,1,1,4,DL,1453,N589NW,SEA,MSP,0700,0656,196,1151,1159,0,
2015,1,1,4,AA,1461,N4YRAA,DAY,DFW,0700,0700,175,0828,0835,0,
2015,1,1,4,DL,1971,N934DN,MSP,PHX,0700,0659,214,0912,0916,0,
2015,1,1,4,DL,2017,N326US,LGA,PBI,0700,0657,189,0936,0938,0,
2015,1,1,4,DL,2123,N913DE,RSW,LGA,0700,0657,169,0927,0932,0,
2015,1,1,4,DL,2151,N329NW,MIA,LGA,0700,0657,179,0940,0957,0,
2015,1,1,4,DL,2180,N938DL,CLE,ATL,0700,0659,125,0828,0832,0,
2015,1,1,4,DL,2351,N911DE,PBI,LGA,0700,0656,168,0934,1001,0,
2015,1,1,4,DL,2365,N399DA,JFK,SJU,0700,0659,230,1132,1139,0,
2015,1,1,4,DL,2539,N353NW,MKE,ATL,0700,0707,128,0946,1000,0,
2015,1,1,4,B6,2784,N283JB,RDU,BOS,0700,0647,109,0905,0910,0,
2015,1,1,4,DL,46,N704X,JFK,SFO,0700,0700,403,1016,1026,0,
2015,1,1,4,DL,1498,N958AT,FLL,LGA,0700,0700,174,0937,0943,0,
2015,1,1,4,DL,1506,N812DN,LAX,DTW,0700,0653,267,1400,1405,0,
2015,1,1,4,DL,1795,N3757D,LAS,JFK,0700,0654,285,1402,1410,0,
2015,1,1,4,DL,1894,N6704Z,MSP,MIA,0700,0704,226,1116,1120,0,
2015,1,1,4,DL,1925,N534US,MSP,RSW,0700,0659,210,1104,1110,0,
2015,1,1,4,AA,2393,N3APAA,JFK,MCO,0700,0857,185,1157,1202,0,
2015,1,1,4,EV,4513,N14950,CLE,ORD,0700,0657,93,0716,0722,0,
2015,1,1,4,EV,4524,N14974,LFT,IAH,0700,0707,65,0809,0817,0,
2015,1,1,4,EV,4871,N878AS,SHV,ATL,0700,0704,99,0940,0945,0,
2015,1,1,4,EV,4987,N710EV,ROC,LGA,0700,0652,87,0755,0801,0,
2015,1,1,4,EV,5423,N724EV,CID,MSP,0700,0654,79,0805,0810,0,
2015,1,1,4,EV,5755,N834AS,PVD,ORD,0700,0658,176,0845,0859,0,
2015,1,1,4,F9,1061,N201FR,ORD,PHX,0700,0649,230,0954,1000,0,
2015,1,1,4,F9,1120,N208FR,CLE,RSW,0700,0701,170,0926,0933,0,
2015,1,1,4,F9,676,N908FR,DEN,MCO,0700,0802,205,1314,1323,0,
2015,1,1,4,F9,681,N928FR,MCO,DEN,0700,0658,253,0902,0912,0,
2015,1,1,4,MQ,2841,N667MQ,DFW,DSM,0700,0704,108,0853,0858,0,
2015,1,1,4,MQ,2852,N625MQ,GRK,DFW,0700,,55,,,1,B
2015,1,1,4,MQ,2871,N645MQ,PNS,DFW,0700,,130,,,1,B
2015,1,1,4,MQ,3024,N611MQ,GJT,DFW,0700,,145,,,1,B
2015,1,1,4,MQ,3051,N802MQ,HPN,ORD,0700,0655,175,0821,0833,0,
2015,1,1,4,MQ,2991,N686MQ,BMI,DFW,0700,,145,,,1,B
2015,1,1,4,MQ,3362,N507MQ,DFW,MAF,0700,,68,,,1,B
2015,1,1,4,NK,231,N620NK,ATL,FLL,0700,0725,108,0855,0905,0,
2015,1,1,4,NK,259,N532NK,ACY,FLL,0700,0655,168,0929,0936,0,
2015,1,1,4,NK,183,N521NK,LBE,RSW,0700,0655,150,0921,0928,0,
2015,1,1,4,NK,193,N502NK,IAH,LAS,0700,0743,200,0844,0849,0,
2015,1,1,4,NK,198,N621NK,FLL,MCO,0700,0712,57,0803,0813,0,
2015,1,1,4,NK,610,N608NK,FLL,BOS,0700,0704,184,1008,1014,0,
2015,1,1,4,OO,6194,N758SK,ASE,DEN,0700,0704,59,0751,0758,0,
2015,1,1,4,OO,6272,N915SW,BUR,SFO,0700,0650,86,0819,0825,0,
2015,1,1,4,OO,3479,N218AG,SAN,SLC,0700,0721,110,1011,1020,0,
2015,1,1,4,HA,217,N485HA,KOA,HNL,0700,0656,42,0734,0741,0,
2015,1,1,4,OO,4623,N812SK,SEA,PDX,0700,0647,60,0802,0807,0,
2015,1,1,4,OO,5471,N576SW,RKS,DEN,0700,,87,,,1,C
2015,1,1,4,OO,5632,N566SW,SBA,SFO,0700,0656,98,0830,0839,0,
2015,1,1,4,OO,6225,N124SY,BOI,ORD,0700,0710,209,1134,1137,0,
2015,1,1,4,OO,7382,N659BR,CPR,SLC,0700,0656,114,0808,0813,0,
2015,1,1,4,OO,5633,N479CA,COS,DEN,0701,0656,52,0735,0745,0,
2015,1,1,4,UA,296,N470UA,ORD,DEN,0702,0706,165,0840,0845,0,
2015,1,1,4,UA,656,N402UA,PHX,ORD,0702,0726,199,1202,1219,0,
2015,1,1,4,UA,1441,N38417,MSY,IAH,0702,0706,78,0814,0819,0,
2015,1,1,4,UA,1764,N14228,CLE,RSW,0702,0701,178,0929,0932,0,
2015,1,1,4,AA,130,N012AA,MIA,TPA,0702,,64,,,1,A
2015,1,1,4,EV,4221,N14570,BTR,IAH,0702,0653,73,0806,0816,0,
2015,1,1,4,EV,6159,N48901,BTV,ORD,0704,0703,156,0833,0842,0,
2015,1,1,4,NK,410,N630NK,FLL,BWI,0704,0705,145,0928,0937,0,
2015,1,1,4,OO,6382,N824AS,SFO,BOI,0704,0733,102,1009,1013,0,
2015,1,1,4,UA,761,N549UA,ORD,SFO,0705,0713,280,0925,0933,0,
2015,1,1,4,VX,12,N842VA,SFO,JFK,0705,0702,329,1511,1522,0,
2015,1,1,4,WN,2851,N217JC,BDL,FLL,0705,0703,195,0954,1006,0,
2015,1,1,4,WN,1108,N625SW,BWI,FLL,0705,0700,155,0922,0928,0,
2015,1,1,4,WN,1432,N346SW,CMH,TPA,0705,0705,145,0915,0920,0,
2015,1,1,4,WN,1863,N253WN,DAL,BWI,0705,0703,170,1023,1025,0,
2015,1,1,4,WN,665,N684WN,DAL,STL,0705,,95,,,1,A
2015,1,1,4,WN,323,N340LV,FLL,BWI,0705,0659,155,0925,0931,0,
2015,1,1,4,WN,2041,N8317M,MCO,LAS,0705,0659,315,0856,0923,0,
2015,1,1,4,WN,4649,N8302F,MDW,MCO,0705,0705,165,1017,1024,0,
2015,1,1,4,WN,893,N737JW,OAK,HOU,0705,0709,220,1249,1253,0,
2015,1,1,4,WN,552,N291WN,SAT,ELP,0705,0734,95,0806,0810,0,
2015,1,1,4,WN,3239,N905WN,TPA,BWI,0705,0703,140,0903,0907,0,
2015,1,1,4,WN,1912,N554WN,TUS,DEN,0705,0658,110,0839,0846,0,
2015,1,1,4,UA,1660,N17730,SNA,EWR,0705,0658,319,1427,1433,0,
